id_venda,id_cliente,nome_cliente,cidade,estado,produto,categoria,preco,quantidade,data_venda
1,35,Matheus Ribeiro,Rio de Janeiro,RJ,Carregador Turbo,Acessórios,494,3,2023-01-06
2,179,Maria Luiza Barbosa,Salvador,BA,Headset Gamer,Periféricos,107,3,2023-07-23
3,193,Lorenzo Rezende,Recife,PE,Asus VivoBook,Notebooks,7160,1,2023-09-30
4,262,Sr. Leandro Cardoso,Porto Alegre,RS,Xiaomi Redmi Note 10,Celulares,5549,1,2023-11-14
5,215,Alana Castro,São Paulo,SP,Samsung Galaxy S21,Celulares,5441,2,2023-03-17
6,219,Emanuel Souza,Rio de Janeiro,RJ,Monitor Full HD,Periféricos,271,3,2023-01-27
7,250,Pedro Lucas Lopes,Porto Alegre,RS,MacBook Air,Notebooks,6327,1,2023-04-20
8,215,Breno da Cunha,Curitiba,PR,Headset Gamer,Periféricos,630,2,2023-12-29
9,266,Luiz Miguel Dias,Curitiba,PR,Asus VivoBook,Notebooks,7071,2,2023-07-18
10,256,Luiz Gustavo Cavalcanti,Rio de Janeiro,RJ,Motorola Edge,Celulares,2468,1,2023-11-22
11,97,Dra. Letícia Cardoso,Rio de Janeiro,RJ,Fone Bluetooth,Acessórios,287,1,2023-11-21
12,152,Camila da Paz,São Paulo,SP,Motorola Edge,Celulares,2781,1,2023-05-17
13,298,Stella Fernandes,Brasília,DF,Asus VivoBook,Notebooks,6524,1,2023-02-04
14,24,Isabelly Azevedo,Curitiba,PR,Headset Gamer,Periféricos,1118,3,2023-03-25
15,84,Danilo Fernandes,Rio de Janeiro,RJ,Dell Inspiron,Notebooks,3073,2,2023-09-05
16,125,Luiza Viana,Manaus,AM,Carregador Turbo,Acessórios,421,1,2023-06-21
17,197,Isaac Alves,São Paulo,SP,Xiaomi Redmi Note 10,Celulares,2664,3,2023-05-02
18,206,Lucas Moreira,Fortaleza,CE,Motorola Edge,Celulares,3579,1,2023-12-10
19,121,Antônio da Rocha,Recife,PE,Dell Inspiron,Notebooks,8199,2,2023-01-27
20,80,Noah Azevedo,Belo Horizonte,MG,Samsung Galaxy S21,Celulares,4643,3,2023-10-14
21,17,Alexia da Rocha,Belo Horizonte,MG,Xiaomi Redmi Note 10,Celulares,4961,3,2023-07-12
22,177,Alexia Costela,Fortaleza,CE,Headset Gamer,Periféricos,970,2,2023-08-15
23,55,Isabella Moura,Rio de Janeiro,RJ,Mouse Gamer,Periféricos,701,2,2023-04-15
24,103,Diego Azevedo,Brasília,DF,Fone Bluetooth,Acessórios,270,1,2023-07-14
25,217,Carolina Costa,Recife,PE,Xiaomi Redmi Note 10,Celulares,4172,2,2023-01-20
26,139,Dra. Luana Moreira,Brasília,DF,Power Bank,Acessórios,226,2,2023-04-22
27,288,Lívia Pereira,Fortaleza,CE,Fone Bluetooth,Acessórios,286,1,2023-05-16
28,250,Daniela Correia,Brasília,DF,Dell Inspiron,Notebooks,5784,1,2023-02-08
29,22,Sra. Laura Martins,Recife,PE,Asus VivoBook,Notebooks,8027,2,2023-09-19
30,232,Davi Lucca Jesus,Brasília,DF,Fone Bluetooth,Acessórios,336,3,2023-10-28
31,99,Sr. Leandro da Luz,Salvador,BA,Teclado Mecânico,Periféricos,902,1,2023-01-18
32,29,Pedro Lucas Mendes,Belo Horizonte,MG,Samsung Galaxy S21,Celulares,2794,2,2023-05-07
33,179,Ana Lívia Monteiro,Recife,PE,Carregador Turbo,Acessórios,262,1,2023-08-28
34,26,João Lima,Rio de Janeiro,RJ,Xiaomi Redmi Note 10,Celulares,5289,1,2023-04-04
35,85,Maria Clara Fernandes,Salvador,BA,Carregador Turbo,Acessórios,410,3,2023-05-17
36,114,Diego Mendes,Rio de Janeiro,RJ,Monitor Full HD,Periféricos,1182,3,2023-12-19
37,55,Gabriela Moreira,Recife,PE,Xiaomi Redmi Note 10,Celulares,2344,3,2023-08-11
38,79,Samuel Jesus,São Paulo,SP,Samsung Galaxy S21,Celulares,3568,3,2023-11-14
39,190,Kaique da Conceição,Porto Alegre,RS,Cabo USB-C,Acessórios,204,3,2023-06-28
40,238,Lara Moraes,Brasília,DF,Teclado Mecânico,Periféricos,395,1,2023-12-18
41,266,Eduarda Costa,Brasília,DF,Mouse Gamer,Periféricos,495,3,2023-08-30
42,208,Sabrina Gonçalves,Recife,PE,Motorola Edge,Celulares,5925,2,2023-12-18
43,145,Rebeca Cavalcanti,Fortaleza,CE,Lenovo ThinkPad,Notebooks,2586,3,2023-05-24
44,181,Sabrina Barbosa,Porto Alegre,RS,Motorola Edge,Celulares,2226,3,2023-04-22
45,73,Maria Fernanda Silva,Brasília,DF,Motorola Edge,Celulares,1710,2,2023-11-18
46,117,Theo Pinto,Salvador,BA,Headset Gamer,Periféricos,131,3,2023-07-10
47,198,Agatha Nogueira,Salvador,BA,Mouse Gamer,Periféricos,812,1,2023-02-05
48,256,Diego Azevedo,Belo Horizonte,MG,Samsung Galaxy S21,Celulares,2391,1,2023-10-10
49,266,Henrique Santos,Salvador,BA,Samsung Galaxy S21,Celulares,4661,2,2023-10-11
50,12,Cauê Silva,Belo Horizonte,MG,MacBook Air,Notebooks,7134,3,2023-02-18
51,205,Clarice Moreira,Manaus,AM,MacBook Air,Notebooks,4182,2,2023-11-01
52,275,Sofia Pereira,Fortaleza,CE,Dell Inspiron,Notebooks,4392,1,2023-02-26
53,7,Sra. Maria Alice Porto,Porto Alegre,RS,Headset Gamer,Periféricos,745,2,2023-08-01
54,154,Srta. Juliana da Cunha,Recife,PE,Teclado Mecânico,Periféricos,601,3,2023-01-05
55,72,João Vitor Lima,Porto Alegre,RS,Carregador Turbo,Acessórios,320,3,2023-12-25
56,1,Alice Moura,Fortaleza,CE,MacBook Air,Notebooks,3402,1,2023-04-13
57,253,Maria Sophia da Cruz,Recife,PE,Mouse Gamer,Periféricos,283,1,2023-09-23
58,106,Vinicius Caldeira,Belo Horizonte,MG,Dell Inspiron,Notebooks,5303,2,2023-04-27
59,223,Otávio Vieira,São Paulo,SP,Power Bank,Acessórios,235,1,2023-02-06
60,228,Srta. Sabrina Lopes,Belo Horizonte,MG,MacBook Air,Notebooks,7381,2,2023-12-30
61,122,Ana Júlia Castro,Porto Alegre,RS,Samsung Galaxy S21,Celulares,3665,1,2023-07-26
62,78,Ana Luiza da Rocha,Belo Horizonte,MG,Asus VivoBook,Notebooks,4267,3,2023-12-30
63,125,Sarah Pinto,Fortaleza,CE,Xiaomi Redmi Note 10,Celulares,1988,1,2023-04-27
64,29,Rodrigo Teixeira,Fortaleza,CE,Fone Bluetooth,Acessórios,83,1,2023-04-29
65,97,Noah Viana,São Paulo,SP,Carregador Turbo,Acessórios,381,1,2023-01-24
66,84,Dra. Carolina da Mata,São Paulo,SP,Carregador Turbo,Acessórios,96,3,2023-01-21
67,254,Sr. Davi Luiz Lopes,Fortaleza,CE,Power Bank,Acessórios,404,1,2023-10-25
68,37,Milena Moreira,Belo Horizonte,MG,Dell Inspiron,Notebooks,8013,3,2023-08-14
69,70,Sophia Silva,Salvador,BA,Xiaomi Redmi Note 10,Celulares,2208,1,2023-02-06
70,168,Isis Costela,Manaus,AM,Power Bank,Acessórios,222,3,2023-02-04
71,44,Bruno Teixeira,Porto Alegre,RS,Power Bank,Acessórios,53,1,2023-03-26
72,31,Maria Luiza Oliveira,Belo Horizonte,MG,Power Bank,Acessórios,444,3,2023-02-18
73,96,Anthony Dias,Porto Alegre,RS,Mouse Gamer,Periféricos,337,3,2023-06-12
74,116,Bruno Nunes,São Paulo,SP,Fone Bluetooth,Acessórios,301,2,2023-04-04
75,164,Fernando Pires,Manaus,AM,MacBook Air,Notebooks,4574,3,2023-12-24
76,16,Gustavo Correia,São Paulo,SP,Xiaomi Redmi Note 10,Celulares,4686,2,2023-03-02
77,279,Isaac Nunes,Belo Horizonte,MG,Headset Gamer,Periféricos,845,2,2023-04-02
78,21,Lorena das Neves,Porto Alegre,RS,Lenovo ThinkPad,Notebooks,4842,3,2023-11-12
79,270,Luiz Miguel Costela,Belo Horizonte,MG,Lenovo ThinkPad,Notebooks,8321,2,2023-07-10
80,3,Kaique Silva,Rio de Janeiro,RJ,iPhone 13,Celulares,4915,2,2023-02-21
81,299,Kevin Barbosa,Belo Horizonte,MG,Mouse Gamer,Periféricos,225,3,2023-05-11
82,50,Mariana Porto,Belo Horizonte,MG,Cabo USB-C,Acessórios,394,1,2023-09-24
83,205,Dr. Lucas da Luz,Belo Horizonte,MG,Samsung Galaxy S21,Celulares,5872,1,2023-02-20
84,297,Alice Pereira,Recife,PE,Headset Gamer,Periféricos,886,3,2023-09-13
85,157,Clara Rodrigues,Fortaleza,CE,Monitor Full HD,Periféricos,471,3,2023-08-05
86,182,Luigi Gonçalves,Brasília,DF,Motorola Edge,Celulares,2865,2,2023-10-13
87,109,Marcelo Oliveira,Porto Alegre,RS,Monitor Full HD,Periféricos,762,1,2023-01-08
88,265,Emanuella Moura,São Paulo,SP,MacBook Air,Notebooks,7030,3,2023-10-20
89,240,Maitê Rocha,Porto Alegre,RS,Headset Gamer,Periféricos,332,3,2023-08-10
90,279,Kevin Lima,Rio de Janeiro,RJ,Cabo USB-C,Acessórios,189,2,2023-09-20
91,263,Daniel Barbosa,Manaus,AM,Fone Bluetooth,Acessórios,367,3,2023-08-19
92,266,Sr. Bruno Correia,Manaus,AM,Cabo USB-C,Acessórios,141,2,2023-07-22
93,213,Heitor da Paz,Brasília,DF,Headset Gamer,Periféricos,814,1,2023-03-17
94,139,Emanuelly Gomes,Porto Alegre,RS,Fone Bluetooth,Acessórios,63,2,2023-02-22
95,16,Dr. Kevin da Cruz,Porto Alegre,RS,Headset Gamer,Periféricos,277,2,2023-10-19
96,110,Maria Eduarda Souza,Recife,PE,Carregador Turbo,Acessórios,64,2,2023-03-31
97,236,Rafaela Carvalho,Recife,PE,Cabo USB-C,Acessórios,431,2,2023-08-15
98,220,Rafaela Teixeira,Rio de Janeiro,RJ,Teclado Mecânico,Periféricos,501,2,2023-05-28
99,169,Vicente Teixeira,Brasília,DF,iPhone 13,Celulares,5794,3,2023-01-07
100,175,Marcos Vinicius da Mata,São Paulo,SP,Dell Inspiron,Notebooks,8710,3,2023-09-26
101,258,Agatha Costa,São Paulo,SP,MacBook Air,Notebooks,5066,2,2023-02-24
102,7,Bernardo Cunha,Belo Horizonte,MG,MacBook Air,Notebooks,3887,3,2023-10-17
103,11,Luiz Henrique Gomes,Rio de Janeiro,RJ,iPhone 13,Celulares,2969,1,2023-03-07
104,202,Sr. Davi da Conceição,Fortaleza,CE,Headset Gamer,Periféricos,921,3,2023-02-24
105,210,Beatriz Nascimento,Salvador,BA,Mouse Gamer,Periféricos,446,2,2023-12-03
106,273,Sophia Aragão,Rio de Janeiro,RJ,Teclado Mecânico,Periféricos,147,3,2023-12-19
107,45,Diego Castro,Curitiba,PR,Motorola Edge,Celulares,2242,1,2023-04-06
108,267,Ian Cardoso,São Paulo,SP,Fone Bluetooth,Acessórios,187,1,2023-07-16
109,177,Júlia da Rocha,São Paulo,SP,Asus VivoBook,Notebooks,2843,3,2023-03-26
110,130,Ana Luiza Porto,Fortaleza,CE,Headset Gamer,Periféricos,148,1,2023-10-01
111,80,Maitê Costela,São Paulo,SP,Mouse Gamer,Periféricos,1033,3,2023-04-10
112,176,Dr. Antônio Jesus,Recife,PE,Teclado Mecânico,Periféricos,346,2,2023-01-26
113,67,Lívia da Luz,Recife,PE,Xiaomi Redmi Note 10,Celulares,1307,2,2023-06-09
114,104,Sra. Ana Clara Gonçalves,Brasília,DF,Teclado Mecânico,Periféricos,647,2,2023-01-20
115,62,Dra. Lívia Rezende,Fortaleza,CE,MacBook Air,Notebooks,3330,3,2023-01-31
116,33,Sofia Rodrigues,Recife,PE,Headset Gamer,Periféricos,293,2,2023-08-11
117,15,João Miguel Silveira,Curitiba,PR,Lenovo ThinkPad,Notebooks,3033,2,2023-04-05
118,170,Sr. Pedro Henrique Rezende,Rio de Janeiro,RJ,iPhone 13,Celulares,4807,2,2023-09-15
119,38,Gustavo Novaes,Brasília,DF,Samsung Galaxy S21,Celulares,4807,2,2023-07-16
120,72,João Vitor Fernandes,Brasília,DF,Mouse Gamer,Periféricos,293,2,2023-07-10
121,63,Lorena Peixoto,Recife,PE,iPhone 13,Celulares,4683,2,2023-12-01
122,288,Kamilly Almeida,Fortaleza,CE,Lenovo ThinkPad,Notebooks,6357,3,2023-01-30
123,293,Eduarda da Rosa,São Paulo,SP,MacBook Air,Notebooks,5586,1,2023-09-13
124,272,Laura Ramos,Rio de Janeiro,RJ,Xiaomi Redmi Note 10,Celulares,2476,2,2023-05-28
125,36,Thales Silva,Recife,PE,iPhone 13,Celulares,2592,2,2023-04-10
126,44,Dra. Bruna Rezende,Manaus,AM,Carregador Turbo,Acessórios,442,3,2023-05-28
127,195,Isabella da Cunha,Curitiba,PR,iPhone 13,Celulares,5461,3,2023-04-02
128,140,Sra. Mariana Pereira,Salvador,BA,Lenovo ThinkPad,Notebooks,6079,3,2023-07-21
129,65,Bryan Santos,Brasília,DF,Samsung Galaxy S21,Celulares,4384,1,2023-07-30
130,249,João Lucas da Rocha,Belo Horizonte,MG,Dell Inspiron,Notebooks,3870,2,2023-10-13
131,81,Davi Luiz da Rocha,Brasília,DF,Motorola Edge,Celulares,5603,3,2023-11-17
132,250,Maria Clara Souza,Brasília,DF,Carregador Turbo,Acessórios,111,1,2023-02-11
133,298,Dr. Lucas Gabriel Almeida,São Paulo,SP,MacBook Air,Notebooks,8854,2,2023-09-25
134,292,Dra. Kamilly Aragão,Fortaleza,CE,Dell Inspiron,Notebooks,5318,3,2023-10-22
135,141,Alexandre Duarte,Fortaleza,CE,Mouse Gamer,Periféricos,830,3,2023-01-31
136,17,Emanuelly Rezende,Porto Alegre,RS,Xiaomi Redmi Note 10,Celulares,2350,3,2023-09-15
137,60,Maria Alice Nascimento,Fortaleza,CE,Motorola Edge,Celulares,2985,2,2023-05-19
138,59,Sr. Marcos Vinicius Pereira,Salvador,BA,Headset Gamer,Periféricos,1187,1,2023-08-30
139,269,João Guilherme Mendes,Curitiba,PR,Dell Inspiron,Notebooks,8362,2,2023-05-09
140,91,Joana da Paz,Curitiba,PR,Dell Inspiron,Notebooks,6193,3,2023-08-01
141,132,Eloah Castro,São Paulo,SP,Power Bank,Acessórios,212,3,2023-11-29
142,26,Gustavo Henrique Costa,São Paulo,SP,Carregador Turbo,Acessórios,253,2,2023-07-23
143,225,Ana Carolina Campos,Belo Horizonte,MG,Fone Bluetooth,Acessórios,73,1,2023-09-28
144,15,Dr. Nicolas Monteiro,Curitiba,PR,Teclado Mecânico,Periféricos,830,2,2023-02-20
145,78,Enrico Barbosa,Recife,PE,Fone Bluetooth,Acessórios,120,3,2023-03-01
146,11,Maria Cecília da Luz,Fortaleza,CE,Headset Gamer,Periféricos,746,2,2023-06-02
147,204,Enrico Lima,Curitiba,PR,Fone Bluetooth,Acessórios,91,3,2023-07-08
148,84,Lorenzo Silva,Porto Alegre,RS,Headset Gamer,Periféricos,459,1,2023-10-10
149,286,Ana Vitória da Cruz,Manaus,AM,Fone Bluetooth,Acessórios,404,3,2023-04-18
150,57,Srta. Ana Carolina Costela,Curitiba,PR,Power Bank,Acessórios,111,2,2023-02-17
151,120,Dra. Maysa Dias,Recife,PE,Lenovo ThinkPad,Notebooks,7236,2,2023-05-09
152,115,Larissa Duarte,Curitiba,PR,iPhone 13,Celulares,5157,3,2023-02-07
153,110,Emanuelly Cardoso,Fortaleza,CE,Fone Bluetooth,Acessórios,65,2,2023-10-12
154,44,Diogo Silva,Brasília,DF,Fone Bluetooth,Acessórios,479,3,2023-01-07
155,210,Erick Sales,Belo Horizonte,MG,Carregador Turbo,Acessórios,187,3,2023-12-02
156,279,Maria Eduarda Ribeiro,Recife,PE,Samsung Galaxy S21,Celulares,5683,2,2023-06-10
157,69,Diogo Souza,Brasília,DF,Fone Bluetooth,Acessórios,225,1,2023-02-08
158,199,Sra. Ana Sophia da Rocha,Rio de Janeiro,RJ,Xiaomi Redmi Note 10,Celulares,1264,2,2023-03-16
159,269,João Lucas Dias,Curitiba,PR,Headset Gamer,Periféricos,970,2,2023-10-31
160,212,Ana Vitória Cunha,Salvador,BA,Monitor Full HD,Periféricos,1139,1,2023-08-31
161,69,Bruna Costela,Manaus,AM,iPhone 13,Celulares,2490,3,2023-09-05
162,18,Dr. Joaquim Sales,Porto Alegre,RS,Power Bank,Acessórios,77,3,2023-04-10
163,136,Luiz Gustavo Novaes,Salvador,BA,Mouse Gamer,Periféricos,539,1,2023-12-04
164,40,Francisco das Neves,Manaus,AM,Dell Inspiron,Notebooks,4153,1,2023-05-23
165,244,Carlos Eduardo da Cunha,Salvador,BA,Headset Gamer,Periféricos,196,1,2023-10-13
166,270,Camila Jesus,Porto Alegre,RS,Dell Inspiron,Notebooks,8797,1,2023-01-08
167,239,Breno da Costa,Fortaleza,CE,Power Bank,Acessórios,127,1,2023-04-12
168,144,Dra. Evelyn Rezende,Fortaleza,CE,Samsung Galaxy S21,Celulares,4131,1,2023-07-29
169,39,Dr. Bryan Oliveira,Brasília,DF,Dell Inspiron,Notebooks,4554,1,2023-10-01
170,53,Eloah Teixeira,Porto Alegre,RS,Dell Inspiron,Notebooks,4702,1,2023-11-02
171,138,Henrique Oliveira,Rio de Janeiro,RJ,Fone Bluetooth,Acessórios,454,3,2023-08-14
172,74,Paulo Pereira,Porto Alegre,RS,Dell Inspiron,Notebooks,3676,2,2023-03-03
173,166,Nathan Rodrigues,Fortaleza,CE,Fone Bluetooth,Acessórios,218,1,2023-10-23
174,138,Igor Cardoso,Salvador,BA,Headset Gamer,Periféricos,812,1,2023-06-22
175,180,Ana Beatriz Moreira,Fortaleza,CE,Samsung Galaxy S21,Celulares,3672,2,2023-05-01
176,194,Emanuella Silveira,Fortaleza,CE,iPhone 13,Celulares,4153,2,2023-09-02
177,155,Brenda Melo,Recife,PE,Lenovo ThinkPad,Notebooks,3949,2,2023-05-25
178,92,Luiz Miguel Novaes,Curitiba,PR,Mouse Gamer,Periféricos,293,2,2023-12-05
179,4,Danilo Martins,Porto Alegre,RS,Lenovo ThinkPad,Notebooks,3503,3,2023-07-17
180,269,João Gabriel Farias,Belo Horizonte,MG,Samsung Galaxy S21,Celulares,4088,2,2023-03-19
181,171,Raquel Rezende,Porto Alegre,RS,Teclado Mecânico,Periféricos,177,3,2023-10-07
182,206,Vitória Ferreira,Salvador,BA,Samsung Galaxy S21,Celulares,2974,2,2023-02-14
183,272,Luiz Felipe Peixoto,Fortaleza,CE,iPhone 13,Celulares,2697,2,2023-09-23
184,276,Nicole Mendes,São Paulo,SP,Dell Inspiron,Notebooks,8544,2,2023-06-07
185,140,Isaac Melo,Curitiba,PR,Samsung Galaxy S21,Celulares,4900,3,2023-06-13
186,280,Srta. Isis Oliveira,Recife,PE,Teclado Mecânico,Periféricos,1184,3,2023-10-31
187,38,Pietro Gomes,Rio de Janeiro,RJ,Power Bank,Acessórios,249,3,2023-04-27
188,277,João Lucas da Rosa,Rio de Janeiro,RJ,Fone Bluetooth,Acessórios,485,2,2023-04-12
189,34,Rafael Gonçalves,Recife,PE,MacBook Air,Notebooks,4137,2,2023-03-08
190,217,Dr. Pietro da Rosa,Fortaleza,CE,Samsung Galaxy S21,Celulares,2077,2,2023-10-19
191,145,Sra. Juliana Ferreira,São Paulo,SP,Cabo USB-C,Acessórios,240,3,2023-08-21
192,15,João Lucas Martins,Salvador,BA,Dell Inspiron,Notebooks,4780,2,2023-10-28
193,74,Cauê Nunes,Brasília,DF,MacBook Air,Notebooks,4591,1,2023-10-10
194,238,Pietra Azevedo,Brasília,DF,Power Bank,Acessórios,395,1,2023-03-24
195,122,Sofia Pires,São Paulo,SP,Power Bank,Acessórios,104,2,2023-10-23
196,66,Clara da Conceição,São Paulo,SP,Headset Gamer,Periféricos,199,2,2023-09-09
197,145,Sr. Diego Fernandes,São Paulo,SP,Power Bank,Acessórios,425,1,2023-10-23
198,158,Joana Araújo,Salvador,BA,Motorola Edge,Celulares,1786,2,2023-07-22
199,79,Sra. Maria Julia Freitas,Fortaleza,CE,Cabo USB-C,Acessórios,476,2,2023-01-27
200,29,Matheus Monteiro,São Paulo,SP,Motorola Edge,Celulares,4350,3,2023-07-20
201,178,Raquel Viana,Belo Horizonte,MG,Dell Inspiron,Notebooks,5249,1,2023-12-14
202,245,Davi Luiz Campos,Curitiba,PR,Motorola Edge,Celulares,4246,1,2023-03-06
203,82,Rafael Viana,Curitiba,PR,Dell Inspiron,Notebooks,2650,1,2023-01-07
204,47,Vitor Gabriel Vieira,Rio de Janeiro,RJ,Mouse Gamer,Periféricos,1135,3,2023-05-01
205,15,Maysa Rodrigues,Brasília,DF,Headset Gamer,Periféricos,471,3,2023-12-02
206,2,Dr. Pedro Miguel Gonçalves,Recife,PE,Motorola Edge,Celulares,5270,2,2023-05-10
207,143,Luiz Felipe Azevedo,Brasília,DF,Lenovo ThinkPad,Notebooks,2858,1,2023-09-29
208,16,Luiz Otávio Duarte,Recife,PE,Teclado Mecânico,Periféricos,437,3,2023-07-25
209,159,Dra. Natália da Rosa,Curitiba,PR,Asus VivoBook,Notebooks,2697,2,2023-10-02
210,1,Pedro Mendes,Recife,PE,Cabo USB-C,Acessórios,238,1,2023-01-04
211,19,Sra. Maria Alice da Conceição,Porto Alegre,RS,Xiaomi Redmi Note 10,Celulares,3813,3,2023-06-28
212,63,Carolina Almeida,Salvador,BA,Xiaomi Redmi Note 10,Celulares,2067,2,2023-09-24
213,22,Pedro Miguel Cardoso,Porto Alegre,RS,Cabo USB-C,Acessórios,351,2,2023-02-13
214,108,Thales da Cruz,Belo Horizonte,MG,Teclado Mecânico,Periféricos,431,2,2023-08-02
215,253,Ana Clara Moraes,Rio de Janeiro,RJ,Monitor Full HD,Periféricos,603,2,2023-01-12
216,138,Erick Moura,Porto Alegre,RS,Monitor Full HD,Periféricos,1057,3,2023-06-20
217,219,Francisco da Cunha,Fortaleza,CE,iPhone 13,Celulares,3673,3,2023-07-19
218,62,Lucas Costela,Fortaleza,CE,Motorola Edge,Celulares,1805,3,2023-06-09
219,148,Sr. Calebe Costela,Rio de Janeiro,RJ,Monitor Full HD,Periféricos,712,3,2023-01-20
220,229,Clara Novaes,Recife,PE,Cabo USB-C,Acessórios,157,1,2023-07-04
221,223,Maria Clara Nogueira,Manaus,AM,Mouse Gamer,Periféricos,502,2,2023-06-16
222,294,Alícia Fernandes,Recife,PE,Carregador Turbo,Acessórios,414,2,2023-04-07
223,191,Luna Jesus,Curitiba,PR,MacBook Air,Notebooks,3016,2,2023-12-27
224,262,Juan Azevedo,Recife,PE,Teclado Mecânico,Periféricos,1074,3,2023-11-13
225,118,Alexandre Freitas,Rio de Janeiro,RJ,Mouse Gamer,Periféricos,932,1,2023-01-29
226,257,Sr. Enrico Cavalcanti,Manaus,AM,Motorola Edge,Celulares,5474,1,2023-01-09
227,284,Alícia Sales,Rio de Janeiro,RJ,Carregador Turbo,Acessórios,395,3,2023-08-02
228,231,Luiz Miguel Lima,Salvador,BA,Motorola Edge,Celulares,1620,1,2023-04-23
229,45,Diogo das Neves,Salvador,BA,MacBook Air,Notebooks,6021,2,2023-11-29
230,168,Vinicius Almeida,Porto Alegre,RS,Carregador Turbo,Acessórios,499,3,2023-04-17
231,245,Theo Vieira,Curitiba,PR,Motorola Edge,Celulares,5158,1,2023-07-10
232,65,Pietro Cardoso,Fortaleza,CE,Fone Bluetooth,Acessórios,139,1,2023-06-07
233,270,Laura da Mata,Belo Horizonte,MG,Motorola Edge,Celulares,5977,1,2023-01-09
234,148,Natália Moraes,Manaus,AM,Fone Bluetooth,Acessórios,399,3,2023-06-15
235,280,Vitor Barbosa,Salvador,BA,Fone Bluetooth,Acessórios,156,2,2023-03-25
236,180,Ana Sophia Campos,Manaus,AM,Cabo USB-C,Acessórios,411,2,2023-12-14
237,242,Vinicius Rezende,Porto Alegre,RS,Lenovo ThinkPad,Notebooks,6590,1,2023-04-06
238,264,Maria Luiza Pereira,Brasília,DF,Monitor Full HD,Periféricos,1123,2,2023-08-15
239,150,Sra. Ana Júlia Souza,Brasília,DF,Headset Gamer,Periféricos,1038,2,2023-07-07
240,165,Sophie Barros,Brasília,DF,Motorola Edge,Celulares,4687,3,2023-06-02
241,31,Diego da Luz,Porto Alegre,RS,Power Bank,Acessórios,332,1,2023-05-04
242,163,Lorena Lima,Salvador,BA,Monitor Full HD,Periféricos,484,3,2023-11-14
243,187,Gustavo Pereira,Belo Horizonte,MG,Fone Bluetooth,Acessórios,387,3,2023-07-03
244,296,Raquel Silveira,Porto Alegre,RS,Lenovo ThinkPad,Notebooks,6613,3,2023-11-07
245,11,Lorena Lima,Curitiba,PR,Lenovo ThinkPad,Notebooks,7414,3,2023-01-15
246,231,Sophie Santos,Salvador,BA,Teclado Mecânico,Periféricos,213,3,2023-04-28
247,1,Kamilly das Neves,Rio de Janeiro,RJ,MacBook Air,Notebooks,4648,2,2023-11-20
248,55,Cauã Oliveira,Brasília,DF,Cabo USB-C,Acessórios,80,2,2023-06-03
249,265,Natália Barbosa,Brasília,DF,Power Bank,Acessórios,435,1,2023-07-30
250,272,Carolina Moraes,Brasília,DF,Mouse Gamer,Periféricos,1008,3,2023-12-07
251,227,Sr. Pedro Lucas Aragão,Rio de Janeiro,RJ,Asus VivoBook,Notebooks,4415,2,2023-01-26
252,242,Henrique da Mota,Curitiba,PR,Carregador Turbo,Acessórios,234,1,2023-09-21
253,202,Sr. Pietro Novaes,São Paulo,SP,Carregador Turbo,Acessórios,402,2,2023-07-23
254,134,Heloísa Nascimento,Salvador,BA,Mouse Gamer,Periféricos,588,2,2023-01-09
255,266,Clara Fogaça,Belo Horizonte,MG,Teclado Mecânico,Periféricos,1074,1,2023-01-25
256,272,Igor Rocha,Recife,PE,Headset Gamer,Periféricos,1138,2,2023-12-23
257,12,Natália Rodrigues,Porto Alegre,RS,Teclado Mecânico,Periféricos,856,3,2023-04-16
258,179,Gabriela das Neves,Salvador,BA,Motorola Edge,Celulares,3385,3,2023-01-11
259,140,Leonardo Fogaça,São Paulo,SP,Headset Gamer,Periféricos,715,3,2023-08-31
260,272,Luiz Miguel Alves,Rio de Janeiro,RJ,Dell Inspiron,Notebooks,3650,2,2023-01-31
261,277,Maria Sophia da Mota,Belo Horizonte,MG,iPhone 13,Celulares,1611,3,2023-08-13
262,194,Srta. Amanda Ferreira,Fortaleza,CE,Carregador Turbo,Acessórios,191,1,2023-01-21
263,209,Dr. Marcos Vinicius Araújo,Rio de Janeiro,RJ,Fone Bluetooth,Acessórios,175,2,2023-04-04
264,147,Juan Barros,Fortaleza,CE,Headset Gamer,Periféricos,508,2,2023-07-15
265,30,Cauê Moreira,Porto Alegre,RS,Headset Gamer,Periféricos,223,2,2023-02-27
266,201,Laura Silva,Belo Horizonte,MG,Dell Inspiron,Notebooks,4245,2,2023-11-14
267,209,João Guilherme Santos,Recife,PE,Fone Bluetooth,Acessórios,485,3,2023-08-05
268,124,Ana Beatriz Ribeiro,Rio de Janeiro,RJ,Fone Bluetooth,Acessórios,264,2,2023-05-16
269,82,Vinicius Barbosa,Manaus,AM,Headset Gamer,Periféricos,592,1,2023-09-09
270,183,João Guilherme Fogaça,Curitiba,PR,Asus VivoBook,Notebooks,8048,3,2023-08-12
271,203,Davi Lucca Lima,Salvador,BA,iPhone 13,Celulares,3305,1,2023-07-07
272,133,Dra. Maria Melo,Fortaleza,CE,Xiaomi Redmi Note 10,Celulares,4217,3,2023-06-21
273,60,Sr. Raul Alves,Recife,PE,Cabo USB-C,Acessórios,450,1,2023-07-12
274,49,João Felipe Barbosa,Porto Alegre,RS,Xiaomi Redmi Note 10,Celulares,1785,2,2023-05-18
275,298,Kaique Silveira,São Paulo,SP,Cabo USB-C,Acessórios,294,3,2023-09-26
276,201,Felipe Moura,Fortaleza,CE,Xiaomi Redmi Note 10,Celulares,2749,1,2023-06-11
277,179,Marcela Araújo,Salvador,BA,iPhone 13,Celulares,4560,2,2023-03-03
278,151,Melissa Campos,Rio de Janeiro,RJ,Lenovo ThinkPad,Notebooks,4196,3,2023-03-23
279,150,Caroline das Neves,Curitiba,PR,Samsung Galaxy S21,Celulares,2224,3,2023-08-26
280,91,Matheus Caldeira,Brasília,DF,Power Bank,Acessórios,107,1,2023-02-03
281,114,Gabriel Nunes,Belo Horizonte,MG,Monitor Full HD,Periféricos,163,3,2023-02-08
282,133,Benício Nascimento,Belo Horizonte,MG,Dell Inspiron,Notebooks,3293,3,2023-03-11
283,214,Levi Melo,Salvador,BA,Power Bank,Acessórios,458,2,2023-04-13
284,216,Caroline Pires,Belo Horizonte,MG,Carregador Turbo,Acessórios,432,1,2023-06-29
285,254,Bryan Costa,Salvador,BA,Headset Gamer,Periféricos,310,2,2023-10-30
286,43,Thomas Almeida,Brasília,DF,Power Bank,Acessórios,304,3,2023-11-17
287,153,Gabriel da Cruz,Salvador,BA,Monitor Full HD,Periféricos,850,3,2023-07-19
288,256,Alexia Ribeiro,Rio de Janeiro,RJ,Monitor Full HD,Periféricos,685,3,2023-01-30
289,225,Anthony da Cruz,São Paulo,SP,Motorola Edge,Celulares,1268,1,2023-09-22
290,186,Sr. Calebe Oliveira,Brasília,DF,Xiaomi Redmi Note 10,Celulares,3355,2,2023-05-05
291,38,Beatriz da Costa,Belo Horizonte,MG,Dell Inspiron,Notebooks,8182,2,2023-07-16
292,157,Marina Ramos,Fortaleza,CE,MacBook Air,Notebooks,8600,1,2023-08-11
293,17,Gabrielly Silveira,Porto Alegre,RS,Asus VivoBook,Notebooks,5873,1,2023-11-23
294,82,Esther Gonçalves,Porto Alegre,RS,Monitor Full HD,Periféricos,371,2,2023-09-12
295,56,Maitê Nogueira,Curitiba,PR,Asus VivoBook,Notebooks,4682,3,2023-01-18
296,152,Laís Martins,Manaus,AM,Cabo USB-C,Acessórios,167,3,2023-07-18
297,160,Daniela Gonçalves,Rio de Janeiro,RJ,Samsung Galaxy S21,Celulares,3999,2,2023-11-21
298,89,Nicolas Gomes,Fortaleza,CE,Samsung Galaxy S21,Celulares,5312,1,2023-05-21
299,265,Theo Araújo,Rio de Janeiro,RJ,Dell Inspiron,Notebooks,8951,2,2023-10-20
300,103,Bernardo Mendes,Recife,PE,Mouse Gamer,Periféricos,576,3,2023-01-07
301,70,Mariana Mendes,Belo Horizonte,MG,Mouse Gamer,Periféricos,1129,1,2023-01-09
302,120,Antônio da Paz,Porto Alegre,RS,Fone Bluetooth,Acessórios,133,3,2023-10-19
303,193,Matheus Pinto,Salvador,BA,Teclado Mecânico,Periféricos,393,1,2023-07-04
304,14,Sra. Lavínia Araújo,Salvador,BA,Headset Gamer,Periféricos,729,2,2023-03-07
305,63,Sr. Yago Porto,São Paulo,SP,Teclado Mecânico,Periféricos,1150,2,2023-03-07
306,145,Luiz Henrique Freitas,Manaus,AM,Teclado Mecânico,Periféricos,607,3,2023-08-20
307,227,Ana Lívia Nascimento,Manaus,AM,Cabo USB-C,Acessórios,407,1,2023-03-10
308,249,Gustavo Henrique Souza,Fortaleza,CE,Asus VivoBook,Notebooks,8883,2,2023-06-26
309,279,Lorena Rezende,Fortaleza,CE,Teclado Mecânico,Periféricos,334,1,2023-06-27
310,146,Sr. Augusto Ferreira,Curitiba,PR,Power Bank,Acessórios,207,1,2023-07-01
311,190,Gabriel Araújo,Brasília,DF,Mouse Gamer,Periféricos,989,3,2023-01-12
312,105,Natália Nogueira,São Paulo,SP,Teclado Mecânico,Periféricos,678,1,2023-05-11
313,284,Maria Cecília das Neves,Brasília,DF,Fone Bluetooth,Acessórios,160,1,2023-11-18
314,85,Camila Ribeiro,Porto Alegre,RS,Lenovo ThinkPad,Notebooks,3629,3,2023-01-03
315,40,Srta. Carolina Peixoto,Belo Horizonte,MG,Cabo USB-C,Acessórios,428,3,2023-06-16
316,218,Srta. Brenda Cavalcanti,Manaus,AM,Headset Gamer,Periféricos,194,2,2023-03-22
317,269,Sra. Eloah Gomes,Belo Horizonte,MG,Samsung Galaxy S21,Celulares,1246,3,2023-06-03
318,84,Heloísa Caldeira,São Paulo,SP,Mouse Gamer,Periféricos,354,2,2023-07-20
319,32,Yago da Rocha,Rio de Janeiro,RJ,Cabo USB-C,Acessórios,329,1,2023-05-10
320,174,Vinicius Cunha,Rio de Janeiro,RJ,Asus VivoBook,Notebooks,8069,3,2023-10-31
321,287,Julia Pereira,Porto Alegre,RS,Fone Bluetooth,Acessórios,416,3,2023-01-14
322,73,Maria Sophia Moreira,Belo Horizonte,MG,Asus VivoBook,Notebooks,6888,2,2023-07-20
323,17,Dra. Catarina Correia,Rio de Janeiro,RJ,MacBook Air,Notebooks,4844,3,2023-08-21
324,154,Isabelly Rezende,Belo Horizonte,MG,Mouse Gamer,Periféricos,1015,3,2023-03-16
325,191,Francisco da Luz,São Paulo,SP,Fone Bluetooth,Acessórios,348,3,2023-12-20
326,255,Nina da Cruz,São Paulo,SP,Mouse Gamer,Periféricos,923,2,2023-07-14
327,124,Luiz Felipe Rocha,Fortaleza,CE,Monitor Full HD,Periféricos,1145,2,2023-05-15
328,158,Maria Clara Barros,Brasília,DF,Fone Bluetooth,Acessórios,207,2,2023-09-15
329,86,Igor Cavalcanti,São Paulo,SP,Motorola Edge,Celulares,1351,3,2023-08-19
330,144,Luana Moreira,Recife,PE,Headset Gamer,Periféricos,223,1,2023-12-04
331,247,Amanda Lopes,Rio de Janeiro,RJ,Samsung Galaxy S21,Celulares,4617,3,2023-11-05
332,174,Noah Novaes,Curitiba,PR,Samsung Galaxy S21,Celulares,3482,1,2023-11-10
333,241,Sra. Alexia Carvalho,Fortaleza,CE,Motorola Edge,Celulares,3486,3,2023-01-29
334,41,Heitor Azevedo,Fortaleza,CE,Monitor Full HD,Periféricos,966,1,2023-07-07
335,148,Alice da Costa,Porto Alegre,RS,Fone Bluetooth,Acessórios,388,1,2023-05-03
336,118,Yuri da Mata,Manaus,AM,Motorola Edge,Celulares,1772,1,2023-10-31
337,229,Rafaela Teixeira,Salvador,BA,Power Bank,Acessórios,439,2,2023-02-03
338,67,João Felipe Souza,Salvador,BA,Dell Inspiron,Notebooks,4592,1,2023-12-02
339,153,Beatriz Carvalho,Curitiba,PR,iPhone 13,Celulares,5576,2,2023-03-26
340,12,Ana Beatriz Pires,São Paulo,SP,Dell Inspiron,Notebooks,6314,3,2023-11-24
341,252,Diogo Freitas,São Paulo,SP,Lenovo ThinkPad,Notebooks,4383,3,2023-11-03
342,253,Enrico Rodrigues,Belo Horizonte,MG,Teclado Mecânico,Periféricos,865,2,2023-01-25
343,262,Alícia Santos,Porto Alegre,RS,Samsung Galaxy S21,Celulares,3545,2,2023-04-08
344,104,Camila Duarte,Salvador,BA,iPhone 13,Celulares,4770,3,2023-09-17
345,14,Maria Vitória Souza,Fortaleza,CE,iPhone 13,Celulares,3639,3,2023-07-08
346,236,Pietro da Costa,Recife,PE,MacBook Air,Notebooks,3527,3,2023-09-02
347,268,Yasmin Viana,Recife,PE,Fone Bluetooth,Acessórios,483,1,2023-06-18
348,210,Pedro Santos,Rio de Janeiro,RJ,Dell Inspiron,Notebooks,4907,2,2023-04-21
349,143,Isabella Barros,Curitiba,PR,Teclado Mecânico,Periféricos,1148,2,2023-01-27
350,226,Gustavo Henrique da Cruz,Porto Alegre,RS,Asus VivoBook,Notebooks,3218,3,2023-10-22
351,233,Dra. Clara Nunes,São Paulo,SP,Power Bank,Acessórios,388,2,2023-07-25
352,299,Catarina Gonçalves,São Paulo,SP,Samsung Galaxy S21,Celulares,2902,2,2023-01-17
353,123,Lucas Pires,Salvador,BA,MacBook Air,Notebooks,6447,2,2023-04-08
354,206,Dra. Nicole Pereira,Curitiba,PR,Teclado Mecânico,Periféricos,598,1,2023-12-04
355,107,Srta. Laís Duarte,Salvador,BA,Monitor Full HD,Periféricos,236,2,2023-02-18
356,197,Raquel Silva,Curitiba,PR,Dell Inspiron,Notebooks,6539,2,2023-09-10
357,264,Ana Vitória Silva,São Paulo,SP,MacBook Air,Notebooks,4417,3,2023-01-23
358,152,Bruno Ribeiro,Belo Horizonte,MG,MacBook Air,Notebooks,8864,2,2023-10-04
359,109,Sra. Isadora da Rocha,São Paulo,SP,Headset Gamer,Periféricos,577,3,2023-01-05
360,209,Emanuelly das Neves,Recife,PE,Motorola Edge,Celulares,5399,3,2023-06-19
361,71,Sr. Augusto Freitas,Rio de Janeiro,RJ,Monitor Full HD,Periféricos,546,2,2023-01-18
362,196,Juan Melo,Porto Alegre,RS,Monitor Full HD,Periféricos,1015,3,2023-10-30
363,40,Maria Luiza Alves,Porto Alegre,RS,Monitor Full HD,Periféricos,1122,1,2023-08-18
364,49,Eduarda Ferreira,Belo Horizonte,MG,Asus VivoBook,Notebooks,5026,1,2023-03-26
365,31,Cecília Moraes,Fortaleza,CE,iPhone 13,Celulares,2550,1,2023-06-12
366,250,Carlos Eduardo Duarte,Curitiba,PR,Asus VivoBook,Notebooks,4403,2,2023-05-10
367,165,Vicente Cunha,Recife,PE,Xiaomi Redmi Note 10,Celulares,4125,3,2023-01-01
368,198,Amanda Lima,Belo Horizonte,MG,Dell Inspiron,Notebooks,7186,2,2023-06-21
369,60,Srta. Ana Carolina Carvalho,Brasília,DF,Dell Inspiron,Notebooks,4619,1,2023-08-12
370,172,Caio Moreira,Porto Alegre,RS,Lenovo ThinkPad,Notebooks,6929,1,2023-09-13
371,54,Ana Oliveira,Fortaleza,CE,Cabo USB-C,Acessórios,464,2,2023-04-21
372,98,Rodrigo Rezende,Curitiba,PR,Power Bank,Acessórios,118,2,2023-06-01
373,219,João Lucas Silva,Recife,PE,Lenovo ThinkPad,Notebooks,8199,2,2023-10-06
374,153,Maitê Correia,Brasília,DF,Xiaomi Redmi Note 10,Celulares,3085,3,2023-05-24
375,235,Rafaela Correia,São Paulo,SP,Samsung Galaxy S21,Celulares,3695,1,2023-12-15
376,211,Marcos Vinicius Porto,Brasília,DF,Monitor Full HD,Periféricos,1075,3,2023-08-31
377,178,Lívia da Paz,Porto Alegre,RS,Teclado Mecânico,Periféricos,554,2,2023-08-20
378,125,João Lucas Martins,Belo Horizonte,MG,Fone Bluetooth,Acessórios,408,2,2023-02-21
379,59,Noah Rodrigues,São Paulo,SP,Lenovo ThinkPad,Notebooks,6106,1,2023-11-04
380,139,Isabelly Castro,Belo Horizonte,MG,Asus VivoBook,Notebooks,6920,2,2023-08-07
381,22,João Lucas Pereira,São Paulo,SP,Cabo USB-C,Acessórios,199,1,2023-06-05
382,260,Fernanda Monteiro,Recife,PE,Samsung Galaxy S21,Celulares,3903,1,2023-02-08
383,176,Emanuella Alves,Manaus,AM,Carregador Turbo,Acessórios,399,3,2023-06-13
384,111,Pedro Miguel da Conceição,Brasília,DF,Lenovo ThinkPad,Notebooks,7671,1,2023-10-30
385,106,Dra. Manuela Pereira,Porto Alegre,RS,Monitor Full HD,Periféricos,445,3,2023-11-30
386,263,Helena Cunha,Belo Horizonte,MG,Monitor Full HD,Periféricos,190,1,2023-05-22
387,12,Caroline Ramos,Rio de Janeiro,RJ,Samsung Galaxy S21,Celulares,2563,2,2023-09-14
388,137,Srta. Alice Sales,Curitiba,PR,Teclado Mecânico,Periféricos,1087,3,2023-12-03
389,3,Júlia Silveira,Porto Alegre,RS,Fone Bluetooth,Acessórios,440,1,2023-07-25
390,184,Sr. Antônio da Costa,Salvador,BA,iPhone 13,Celulares,3565,3,2023-09-05
391,292,Sr. Murilo Caldeira,Belo Horizonte,MG,Mouse Gamer,Periféricos,881,1,2023-09-05
392,158,Sophie Costa,Brasília,DF,iPhone 13,Celulares,4624,2,2023-12-15
393,271,Sra. Agatha Jesus,Fortaleza,CE,Carregador Turbo,Acessórios,359,3,2023-09-19
394,168,Dr. Vitor Campos,Curitiba,PR,MacBook Air,Notebooks,4583,3,2023-08-20
395,79,Sra. Heloísa Ramos,Salvador,BA,Monitor Full HD,Periféricos,336,1,2023-01-15
396,265,Maria Sophia Lopes,Porto Alegre,RS,Dell Inspiron,Notebooks,3697,1,2023-11-28
397,123,Sophie Almeida,Recife,PE,Xiaomi Redmi Note 10,Celulares,3809,1,2023-12-27
398,219,Dr. Breno Silva,Fortaleza,CE,Fone Bluetooth,Acessórios,483,3,2023-09-16
399,63,Erick Fogaça,Curitiba,PR,MacBook Air,Notebooks,5699,2,2023-05-27
400,79,Lorenzo Cavalcanti,Rio de Janeiro,RJ,Cabo USB-C,Acessórios,111,2,2023-11-01
401,153,Natália Ramos,Porto Alegre,RS,Carregador Turbo,Acessórios,246,2,2023-10-07
402,210,Valentina Dias,Recife,PE,iPhone 13,Celulares,4874,1,2023-04-05
403,180,Sr. Lorenzo Moreira,Curitiba,PR,Samsung Galaxy S21,Celulares,2667,2,2023-06-17
404,3,Emanuella Alves,São Paulo,SP,Samsung Galaxy S21,Celulares,2344,2,2023-05-09
405,66,Kevin da Rocha,Curitiba,PR,Xiaomi Redmi Note 10,Celulares,5128,1,2023-09-11
406,7,Dr. Benjamin Lopes,Recife,PE,Dell Inspiron,Notebooks,5512,1,2023-04-27
407,39,Larissa Teixeira,Porto Alegre,RS,Dell Inspiron,Notebooks,5824,3,2023-05-25
408,223,Noah Cavalcanti,Rio de Janeiro,RJ,Power Bank,Acessórios,62,2,2023-05-13
409,298,Kamilly Pereira,Brasília,DF,Headset Gamer,Periféricos,143,3,2023-11-12
410,239,Sr. Vitor Hugo Silva,Manaus,AM,Headset Gamer,Periféricos,750,1,2023-10-31
411,213,Enrico Azevedo,Porto Alegre,RS,Power Bank,Acessórios,406,3,2023-08-19
412,122,Calebe Barros,Curitiba,PR,Motorola Edge,Celulares,4325,1,2023-05-06
413,294,Gustavo Correia,Rio de Janeiro,RJ,Carregador Turbo,Acessórios,79,2,2023-02-18
414,225,Diogo da Conceição,Fortaleza,CE,Headset Gamer,Periféricos,382,3,2023-10-25
415,233,Sophie Lima,Manaus,AM,Xiaomi Redmi Note 10,Celulares,2245,2,2023-09-19
416,207,Sra. Isabelly Jesus,Salvador,BA,Cabo USB-C,Acessórios,460,2,2023-05-04
417,259,Stephany da Paz,Belo Horizonte,MG,Lenovo ThinkPad,Notebooks,4512,2,2023-08-22
418,153,Dr. João Cardoso,Recife,PE,MacBook Air,Notebooks,2942,1,2023-11-27
419,204,Rodrigo Nascimento,Porto Alegre,RS,Cabo USB-C,Acessórios,155,2,2023-09-09
420,160,Dr. Cauê da Conceição,Recife,PE,Teclado Mecânico,Periféricos,782,1,2023-05-22
421,149,Nicolas Araújo,Brasília,DF,Carregador Turbo,Acessórios,139,2,2023-05-04
422,63,Daniela Jesus,Fortaleza,CE,Motorola Edge,Celulares,5840,2,2023-04-14
423,46,Sr. Lorenzo Jesus,Recife,PE,Headset Gamer,Periféricos,618,3,2023-10-29
424,168,Davi Oliveira,Manaus,AM,MacBook Air,Notebooks,4016,3,2023-06-19
425,48,Rebeca Caldeira,Rio de Janeiro,RJ,Power Bank,Acessórios,173,1,2023-09-20
426,134,João Vitor da Rocha,Manaus,AM,Xiaomi Redmi Note 10,Celulares,2140,2,2023-04-16
427,297,Júlia Barros,Rio de Janeiro,RJ,Carregador Turbo,Acessórios,285,2,2023-11-03
428,193,Vitor Gabriel Correia,Porto Alegre,RS,Lenovo ThinkPad,Notebooks,3130,1,2023-11-08
429,100,Sr. Pedro Henrique Novaes,Salvador,BA,iPhone 13,Celulares,2098,2,2023-10-05
430,110,Luiz Fernando Farias,Porto Alegre,RS,Asus VivoBook,Notebooks,7096,2,2023-07-26
431,26,Alice Pinto,Belo Horizonte,MG,Xiaomi Redmi Note 10,Celulares,4734,3,2023-10-17
432,180,Lucas Souza,Belo Horizonte,MG,Headset Gamer,Periféricos,887,2,2023-05-24
433,70,Bruno da Rocha,Recife,PE,Mouse Gamer,Periféricos,622,2,2023-09-20
434,133,Sr. Paulo da Rocha,Curitiba,PR,Teclado Mecânico,Periféricos,317,2,2023-02-02
435,244,Kamilly Fernandes,Salvador,BA,Headset Gamer,Periféricos,688,3,2023-07-18
436,57,Srta. Bárbara Pereira,Rio de Janeiro,RJ,Asus VivoBook,Notebooks,4356,3,2023-05-12
437,253,Renan Viana,Recife,PE,Mouse Gamer,Periféricos,374,1,2023-03-10
438,281,Maria Luiza Cunha,Recife,PE,Cabo USB-C,Acessórios,108,3,2023-03-28
439,279,Pietro Cardoso,Belo Horizonte,MG,Lenovo ThinkPad,Notebooks,7151,1,2023-11-23
440,33,Bruna Silveira,Curitiba,PR,Power Bank,Acessórios,173,3,2023-02-19
441,255,Enzo Gabriel Silveira,Fortaleza,CE,Headset Gamer,Periféricos,428,2,2023-12-03
442,210,Clara Freitas,Recife,PE,Fone Bluetooth,Acessórios,54,3,2023-05-23
443,112,Pietra Monteiro,Recife,PE,Fone Bluetooth,Acessórios,403,3,2023-03-06
444,144,Luiz Henrique Campos,Salvador,BA,Samsung Galaxy S21,Celulares,2780,1,2023-04-09
445,14,Luiz Otávio Araújo,Rio de Janeiro,RJ,Xiaomi Redmi Note 10,Celulares,1743,3,2023-06-13
446,257,Maria Vitória da Mota,Porto Alegre,RS,Fone Bluetooth,Acessórios,492,3,2023-06-22
447,222,Luiza Freitas,Brasília,DF,Headset Gamer,Periféricos,288,2,2023-02-05
448,261,Calebe Moraes,Curitiba,PR,Monitor Full HD,Periféricos,968,3,2023-12-23
449,299,Vitor Hugo da Costa,Rio de Janeiro,RJ,Lenovo ThinkPad,Notebooks,7870,1,2023-10-30
450,40,Dr. Carlos Eduardo Moraes,Belo Horizonte,MG,Motorola Edge,Celulares,4394,1,2023-04-28
451,164,Emilly Mendes,Porto Alegre,RS,iPhone 13,Celulares,2144,1,2023-10-26
452,91,Rodrigo Santos,Recife,PE,Carregador Turbo,Acessórios,324,1,2023-05-21
453,263,Caio Melo,Porto Alegre,RS,Samsung Galaxy S21,Celulares,1802,1,2023-05-09
454,216,Alana Gonçalves,Salvador,BA,Samsung Galaxy S21,Celulares,2276,1,2023-03-25
455,112,Sra. Maria Eduarda da Costa,Brasília,DF,Samsung Galaxy S21,Celulares,2209,2,2023-08-01
456,257,Stella Cunha,Fortaleza,CE,Dell Inspiron,Notebooks,6737,1,2023-07-14
457,55,João Rocha,Manaus,AM,Fone Bluetooth,Acessórios,361,3,2023-06-03
458,267,Yasmin Cavalcanti,Fortaleza,CE,Samsung Galaxy S21,Celulares,4656,1,2023-05-02
459,144,Daniel Pinto,Porto Alegre,RS,Asus VivoBook,Notebooks,6065,3,2023-01-13
460,178,Sr. Felipe Campos,Manaus,AM,Mouse Gamer,Periféricos,1196,3,2023-04-01
461,174,Davi Luiz da Paz,Curitiba,PR,Headset Gamer,Periféricos,981,2,2023-03-18
462,11,Nina Ribeiro,Recife,PE,Power Bank,Acessórios,307,3,2023-03-05
463,228,Srta. Maitê da Paz,Salvador,BA,Power Bank,Acessórios,495,2,2023-03-11
464,207,Benício Gonçalves,Porto Alegre,RS,Motorola Edge,Celulares,1233,3,2023-01-13
465,240,Marcela Costa,Curitiba,PR,Asus VivoBook,Notebooks,2531,2,2023-02-03
466,229,João Vitor Alves,São Paulo,SP,Power Bank,Acessórios,396,2,2023-01-29
467,150,Alexandre da Rosa,Belo Horizonte,MG,Cabo USB-C,Acessórios,233,2,2023-12-22
468,226,Dr. Enzo Gabriel Barros,Salvador,BA,iPhone 13,Celulares,4595,2,2023-11-04
469,269,Ana Barros,São Paulo,SP,Asus VivoBook,Notebooks,3470,1,2023-11-06
470,99,Enzo Barbosa,Fortaleza,CE,MacBook Air,Notebooks,5569,3,2023-07-06
471,13,Calebe da Conceição,Curitiba,PR,Teclado Mecânico,Periféricos,426,3,2023-01-31
472,5,Augusto Oliveira,Rio de Janeiro,RJ,Fone Bluetooth,Acessórios,462,2,2023-12-30
473,254,Catarina Azevedo,Salvador,BA,Xiaomi Redmi Note 10,Celulares,4875,1,2023-12-13
474,86,Matheus Caldeira,Curitiba,PR,Cabo USB-C,Acessórios,289,1,2023-03-11
475,300,Heitor Fogaça,Recife,PE,Carregador Turbo,Acessórios,207,3,2023-10-29
476,12,Dr. Francisco da Cunha,Recife,PE,Xiaomi Redmi Note 10,Celulares,2391,3,2023-05-16
477,300,Maria Cecília Silveira,Rio de Janeiro,RJ,iPhone 13,Celulares,4204,2,2023-04-15
478,149,Eloah Cavalcanti,Belo Horizonte,MG,Lenovo ThinkPad,Notebooks,8103,3,2023-02-24
479,221,Joaquim Lopes,Fortaleza,CE,Fone Bluetooth,Acessórios,288,1,2023-10-10
480,103,Srta. Valentina Rocha,Fortaleza,CE,Mouse Gamer,Periféricos,1191,3,2023-09-26
481,206,Murilo Dias,Recife,PE,Cabo USB-C,Acessórios,311,3,2023-04-06
482,292,Murilo Caldeira,Rio de Janeiro,RJ,Power Bank,Acessórios,293,2,2023-02-13
483,127,Sabrina Almeida,Belo Horizonte,MG,Xiaomi Redmi Note 10,Celulares,4937,3,2023-04-27
484,206,Ana Clara Viana,Belo Horizonte,MG,Motorola Edge,Celulares,4295,3,2023-03-21
485,193,Agatha Silveira,Rio de Janeiro,RJ,Fone Bluetooth,Acessórios,279,1,2023-05-24
486,78,Sra. Bianca Carvalho,Fortaleza,CE,MacBook Air,Notebooks,3751,2,2023-01-07
487,237,Maysa Jesus,Recife,PE,Motorola Edge,Celulares,2342,3,2023-09-21
488,242,Fernando Rocha,Curitiba,PR,Power Bank,Acessórios,327,1,2023-02-06
489,92,Vitor Gabriel Farias,São Paulo,SP,Carregador Turbo,Acessórios,156,2,2023-08-01
490,97,Pedro Henrique Santos,Fortaleza,CE,Cabo USB-C,Acessórios,241,1,2023-02-27
491,232,Isaac Rezende,Curitiba,PR,Motorola Edge,Celulares,2611,1,2023-07-13
492,227,João Pedro Cunha,Curitiba,PR,Carregador Turbo,Acessórios,173,3,2023-12-22
493,80,João Gabriel da Paz,Curitiba,PR,Asus VivoBook,Notebooks,4012,1,2023-05-23
494,58,Diego Lima,Brasília,DF,Headset Gamer,Periféricos,801,3,2023-11-02
495,108,Ana Júlia Moreira,Recife,PE,Monitor Full HD,Periféricos,882,2,2023-09-01
496,87,Clarice Azevedo,Manaus,AM,Mouse Gamer,Periféricos,572,2,2023-12-23
497,199,Otávio Fogaça,Recife,PE,Dell Inspiron,Notebooks,8926,1,2023-12-19
498,17,Ian Rodrigues,Curitiba,PR,Fone Bluetooth,Acessórios,419,2,2023-01-25
499,114,Augusto Melo,Fortaleza,CE,Teclado Mecânico,Periféricos,1180,3,2023-07-13
500,256,Nicolas Porto,Fortaleza,CE,Lenovo ThinkPad,Notebooks,6336,1,2023-09-24
501,133,Enzo Nunes,Recife,PE,iPhone 13,Celulares,3369,1,2023-12-21
502,195,Stephany Sales,Porto Alegre,RS,Cabo USB-C,Acessórios,183,2,2023-05-17
503,236,Srta. Gabrielly Araújo,Salvador,BA,Headset Gamer,Periféricos,155,1,2023-01-14
504,236,Clarice Novaes,Brasília,DF,MacBook Air,Notebooks,5830,2,2023-03-30
505,171,Camila da Paz,Belo Horizonte,MG,Asus VivoBook,Notebooks,2765,2,2023-08-15
506,158,Francisco Pinto,São Paulo,SP,Lenovo ThinkPad,Notebooks,4568,3,2023-02-26
507,158,Isadora Santos,Porto Alegre,RS,Teclado Mecânico,Periféricos,1163,3,2023-08-16
508,53,Maria Vitória das Neves,Recife,PE,Fone Bluetooth,Acessórios,281,1,2023-11-09
509,161,Paulo Rezende,Porto Alegre,RS,Cabo USB-C,Acessórios,258,2,2023-02-07
510,207,Sr. Ryan Porto,Fortaleza,CE,Teclado Mecânico,Periféricos,676,3,2023-10-13
511,14,Luiza Lima,Rio de Janeiro,RJ,Mouse Gamer,Periféricos,901,3,2023-09-04
512,13,Bruna da Mata,Salvador,BA,Lenovo ThinkPad,Notebooks,2502,1,2023-10-05
513,139,Dr. Gustavo Henrique Almeida,Salvador,BA,Lenovo ThinkPad,Notebooks,5507,2,2023-01-24
514,54,Diego Mendes,Manaus,AM,Samsung Galaxy S21,Celulares,5813,3,2023-03-19
515,267,Thales Carvalho,Salvador,BA,Lenovo ThinkPad,Notebooks,8702,3,2023-03-20
516,256,Maria Correia,Manaus,AM,Cabo USB-C,Acessórios,375,1,2023-04-08
517,269,Srta. Cecília Farias,Manaus,AM,Power Bank,Acessórios,386,1,2023-02-13
518,108,Dr. Joaquim Melo,Brasília,DF,Teclado Mecânico,Periféricos,733,3,2023-09-22
519,162,Beatriz Sales,Rio de Janeiro,RJ,Fone Bluetooth,Acessórios,440,1,2023-04-07
520,285,Sr. Luiz Henrique Porto,Belo Horizonte,MG,Carregador Turbo,Acessórios,82,2,2023-06-12
521,252,Sr. Matheus Costa,Belo Horizonte,MG,Teclado Mecânico,Periféricos,1185,1,2023-12-10
522,65,Yago Ramos,Salvador,BA,Headset Gamer,Periféricos,515,2,2023-09-14
523,114,Dr. Pedro Henrique da Paz,Recife,PE,Asus VivoBook,Notebooks,8048,1,2023-03-27
524,187,Sr. Fernando Mendes,Brasília,DF,Dell Inspiron,Notebooks,2504,1,2023-02-23
525,293,Sophie Cavalcanti,Manaus,AM,MacBook Air,Notebooks,3632,2,2023-11-23
526,93,Sra. Sabrina Rocha,Fortaleza,CE,iPhone 13,Celulares,1712,3,2023-05-21
527,15,João Lucas Caldeira,Brasília,DF,Teclado Mecânico,Periféricos,495,3,2023-10-26
528,165,Kaique Nascimento,Salvador,BA,Lenovo ThinkPad,Notebooks,2963,2,2023-03-06
529,257,Isabella da Luz,Recife,PE,Cabo USB-C,Acessórios,188,3,2023-11-26
530,183,Dra. Letícia da Mata,Belo Horizonte,MG,Carregador Turbo,Acessórios,168,3,2023-02-04
531,286,Sr. Heitor da Cunha,Belo Horizonte,MG,Lenovo ThinkPad,Notebooks,3192,3,2023-05-08
532,200,Maria Alice Vieira,Porto Alegre,RS,Xiaomi Redmi Note 10,Celulares,1998,3,2023-07-17
533,259,Eduarda Lopes,Salvador,BA,Asus VivoBook,Notebooks,5427,2,2023-07-22
534,189,Larissa Duarte,Salvador,BA,Monitor Full HD,Periféricos,422,2,2023-01-18
535,44,Levi da Rocha,Belo Horizonte,MG,Power Bank,Acessórios,418,1,2023-11-21
536,17,Srta. Lívia Monteiro,Porto Alegre,RS,Carregador Turbo,Acessórios,465,1,2023-04-27
537,153,Marcela Cunha,Porto Alegre,RS,Fone Bluetooth,Acessórios,364,2,2023-01-21
538,179,Bianca da Rosa,Porto Alegre,RS,Mouse Gamer,Periféricos,152,1,2023-06-03
539,55,Lara das Neves,Curitiba,PR,Monitor Full HD,Periféricos,1025,2,2023-04-24
540,170,Lívia Freitas,Brasília,DF,Cabo USB-C,Acessórios,130,1,2023-09-15
541,296,Mariane Ramos,Manaus,AM,Samsung Galaxy S21,Celulares,2145,2,2023-03-16
542,75,Breno Monteiro,Belo Horizonte,MG,Motorola Edge,Celulares,5020,3,2023-09-13
543,271,Srta. Nina Barros,Salvador,BA,Cabo USB-C,Acessórios,187,3,2023-08-01
544,132,Ana Laura Moraes,Curitiba,PR,Fone Bluetooth,Acessórios,302,1,2023-03-24
545,28,Maria da Paz,Fortaleza,CE,Samsung Galaxy S21,Celulares,5165,3,2023-05-18
546,197,Srta. Laís Rodrigues,Belo Horizonte,MG,Teclado Mecânico,Periféricos,831,2,2023-12-29
547,30,Stephany da Mota,Salvador,BA,Fone Bluetooth,Acessórios,382,2,2023-01-31
548,231,Cecília Aragão,Fortaleza,CE,Fone Bluetooth,Acessórios,384,2,2023-07-15
549,152,Maria Clara Mendes,Rio de Janeiro,RJ,iPhone 13,Celulares,4699,1,2023-03-21
550,242,Heloísa Cavalcanti,Rio de Janeiro,RJ,Monitor Full HD,Periféricos,295,1,2023-01-05
551,255,Juan Correia,Porto Alegre,RS,Xiaomi Redmi Note 10,Celulares,2266,3,2023-09-16
552,199,Evelyn Duarte,Fortaleza,CE,Motorola Edge,Celulares,2570,1,2023-09-22
553,250,Srta. Cecília Jesus,Fortaleza,CE,Carregador Turbo,Acessórios,230,3,2023-03-02
554,270,Esther Carvalho,Salvador,BA,iPhone 13,Celulares,4230,1,2023-08-18
555,103,Otávio Lima,Brasília,DF,Dell Inspiron,Notebooks,2682,1,2023-12-10
556,212,Emanuelly Gonçalves,Fortaleza,CE,Cabo USB-C,Acessórios,281,3,2023-06-15
557,29,Dra. Heloísa Pinto,São Paulo,SP,Cabo USB-C,Acessórios,430,1,2023-06-08
558,164,Sra. Alana Araújo,Curitiba,PR,Xiaomi Redmi Note 10,Celulares,1997,1,2023-01-08
559,145,Carolina da Cruz,Brasília,DF,Motorola Edge,Celulares,5873,3,2023-07-27
560,271,Gustavo Gonçalves,Recife,PE,Fone Bluetooth,Acessórios,346,3,2023-05-07
561,146,Dra. Brenda da Mata,São Paulo,SP,Asus VivoBook,Notebooks,8807,2,2023-04-17
562,104,Gustavo Henrique Cardoso,Porto Alegre,RS,Samsung Galaxy S21,Celulares,3827,3,2023-07-20
563,29,Enrico da Cruz,Manaus,AM,Fone Bluetooth,Acessórios,348,3,2023-04-29
564,250,Alícia da Costa,Curitiba,PR,Power Bank,Acessórios,295,2,2023-09-17
565,236,Dr. Thomas Duarte,Recife,PE,Carregador Turbo,Acessórios,196,3,2023-10-18
566,78,Dr. Levi Melo,Manaus,AM,Xiaomi Redmi Note 10,Celulares,3712,2,2023-12-01
567,69,Marcos Vinicius Barros,Belo Horizonte,MG,Fone Bluetooth,Acessórios,107,3,2023-11-10
568,232,Sra. Daniela Azevedo,Manaus,AM,Carregador Turbo,Acessórios,383,3,2023-11-27
569,184,Felipe Santos,Brasília,DF,Power Bank,Acessórios,157,3,2023-05-20
570,155,Sr. Gabriel Melo,Porto Alegre,RS,Dell Inspiron,Notebooks,8018,2,2023-07-10
571,89,Luiz Miguel Rezende,Porto Alegre,RS,Carregador Turbo,Acessórios,272,2,2023-10-15
572,84,Gabrielly Fernandes,Fortaleza,CE,Asus VivoBook,Notebooks,5070,2,2023-10-01
573,235,Luiz Fernando Fernandes,Porto Alegre,RS,Motorola Edge,Celulares,2532,1,2023-04-06
574,17,Caroline Silva,Rio de Janeiro,RJ,Lenovo ThinkPad,Notebooks,8268,2,2023-06-08
575,87,Maria Clara Rezende,Manaus,AM,Cabo USB-C,Acessórios,287,2,2023-03-16
576,269,Stephany Oliveira,Rio de Janeiro,RJ,Carregador Turbo,Acessórios,52,3,2023-03-10
577,133,Francisco Rezende,Porto Alegre,RS,Samsung Galaxy S21,Celulares,5902,3,2023-12-25
578,248,Gustavo Nogueira,Rio de Janeiro,RJ,Asus VivoBook,Notebooks,6743,1,2023-12-26
579,62,Emanuel Monteiro,Recife,PE,Motorola Edge,Celulares,5997,3,2023-10-12
580,118,Fernando Ramos,São Paulo,SP,Teclado Mecânico,Periféricos,679,1,2023-02-25
581,255,Vitor Castro,São Paulo,SP,Dell Inspiron,Notebooks,7901,3,2023-03-20
582,169,Larissa da Paz,Porto Alegre,RS,Motorola Edge,Celulares,4656,1,2023-10-08
583,30,Sra. Daniela Nascimento,Brasília,DF,Cabo USB-C,Acessórios,194,1,2023-03-31
584,226,Gabrielly Monteiro,Belo Horizonte,MG,Headset Gamer,Periféricos,466,2,2023-05-08
585,6,Maysa Porto,Curitiba,PR,Teclado Mecânico,Periféricos,734,2,2023-02-21
586,86,Valentina Farias,Belo Horizonte,MG,Cabo USB-C,Acessórios,305,2,2023-03-13
587,5,Luiz Gustavo Freitas,Porto Alegre,RS,Cabo USB-C,Acessórios,275,1,2023-10-25
588,259,Thales Moura,Porto Alegre,RS,Samsung Galaxy S21,Celulares,5899,2,2023-12-14
589,183,Ana Laura Farias,Rio de Janeiro,RJ,Monitor Full HD,Periféricos,488,1,2023-09-08
590,1,Thiago Pires,Curitiba,PR,Fone Bluetooth,Acessórios,164,3,2023-05-23
591,100,Dr. João Vitor Fogaça,São Paulo,SP,Monitor Full HD,Periféricos,959,1,2023-07-24
592,85,Isabelly Jesus,Salvador,BA,Headset Gamer,Periféricos,997,3,2023-11-19
593,294,Isaac Pereira,São Paulo,SP,Monitor Full HD,Periféricos,185,1,2023-10-04
594,48,Diego Costa,São Paulo,SP,MacBook Air,Notebooks,6749,1,2023-12-04
595,173,Dra. Milena Ramos,Manaus,AM,Teclado Mecânico,Periféricos,1030,3,2023-04-26
596,33,Sr. Vitor Gabriel Rezende,São Paulo,SP,iPhone 13,Celulares,4321,3,2023-12-03
597,76,Luiz Otávio Farias,São Paulo,SP,Teclado Mecânico,Periféricos,1172,3,2023-11-20
598,274,Sr. Enrico Nogueira,Manaus,AM,Headset Gamer,Periféricos,584,1,2023-07-08
599,80,Maria Cecília da Cruz,Recife,PE,Fone Bluetooth,Acessórios,298,3,2023-01-05
600,252,Ana Júlia Fogaça,São Paulo,SP,Monitor Full HD,Periféricos,256,2,2023-07-25
601,54,Maria Alice Gonçalves,Curitiba,PR,Carregador Turbo,Acessórios,112,1,2023-07-08
602,183,Daniel Duarte,São Paulo,SP,Mouse Gamer,Periféricos,1168,1,2023-10-09
603,166,Vitor Hugo Sales,Recife,PE,Dell Inspiron,Notebooks,6377,2,2023-05-10
604,243,Paulo Oliveira,Fortaleza,CE,Carregador Turbo,Acessórios,387,1,2023-09-04
605,131,Marina Costa,Manaus,AM,Cabo USB-C,Acessórios,213,1,2023-01-14
606,15,Srta. Emanuella da Mata,São Paulo,SP,Motorola Edge,Celulares,5794,1,2023-04-09
607,254,Dra. Bárbara Gonçalves,Belo Horizonte,MG,MacBook Air,Notebooks,8297,3,2023-08-25
608,215,Eduarda da Conceição,Curitiba,PR,Xiaomi Redmi Note 10,Celulares,1579,3,2023-02-20
609,48,Beatriz Costela,Recife,PE,Lenovo ThinkPad,Notebooks,2640,1,2023-06-02
610,260,Lívia Oliveira,Manaus,AM,Mouse Gamer,Periféricos,409,2,2023-09-06
611,106,Ana Carolina Gonçalves,Salvador,BA,Mouse Gamer,Periféricos,993,2,2023-03-01
612,236,Miguel Gomes,Brasília,DF,Cabo USB-C,Acessórios,328,1,2023-01-08
613,107,Dr. Enrico Farias,Fortaleza,CE,Lenovo ThinkPad,Notebooks,2899,2,2023-10-02
614,264,Matheus da Costa,Belo Horizonte,MG,MacBook Air,Notebooks,4776,2,2023-11-06
615,132,Kaique da Costa,Manaus,AM,Xiaomi Redmi Note 10,Celulares,5524,3,2023-01-10
616,210,Srta. Maria Luiza Oliveira,Fortaleza,CE,Monitor Full HD,Periféricos,452,3,2023-05-05
617,233,Helena Pereira,Porto Alegre,RS,Cabo USB-C,Acessórios,260,1,2023-07-09
618,239,Lívia Teixeira,Brasília,DF,Teclado Mecânico,Periféricos,122,3,2023-04-10
619,260,Rebeca Alves,Recife,PE,Power Bank,Acessórios,340,2,2023-07-16
620,104,Marina Fernandes,Rio de Janeiro,RJ,Motorola Edge,Celulares,2497,3,2023-04-25
621,192,Erick Nunes,Brasília,DF,Samsung Galaxy S21,Celulares,5255,2,2023-04-13
622,101,Isabella Silva,Fortaleza,CE,Lenovo ThinkPad,Notebooks,6360,2,2023-12-21
623,165,Rebeca Aragão,Manaus,AM,Dell Inspiron,Notebooks,4256,2,2023-07-29
624,257,Esther da Conceição,Recife,PE,Lenovo ThinkPad,Notebooks,2770,3,2023-08-05
625,171,Ana Sophia Nunes,Porto Alegre,RS,iPhone 13,Celulares,2440,1,2023-07-28
626,205,Srta. Alana Barros,Fortaleza,CE,Xiaomi Redmi Note 10,Celulares,5387,1,2023-07-15
627,171,Srta. Isadora Lima,Belo Horizonte,MG,Mouse Gamer,Periféricos,466,2,2023-01-15
628,131,Yago Mendes,Fortaleza,CE,Headset Gamer,Periféricos,797,3,2023-07-27
629,74,Dr. Matheus Duarte,Fortaleza,CE,Motorola Edge,Celulares,3417,2,2023-09-01
630,184,Sr. Caio Silva,Manaus,AM,Teclado Mecânico,Periféricos,1121,1,2023-07-03
631,19,Maria Vitória da Rosa,Salvador,BA,Motorola Edge,Celulares,2133,2,2023-08-25
632,296,Vitor Gabriel Caldeira,Curitiba,PR,Samsung Galaxy S21,Celulares,4776,2,2023-12-08
633,76,Mirella Porto,Manaus,AM,Cabo USB-C,Acessórios,476,3,2023-11-08
634,178,Luiz Henrique da Paz,Brasília,DF,Mouse Gamer,Periféricos,1112,3,2023-06-30
635,69,Davi Lucas Nascimento,Porto Alegre,RS,Teclado Mecânico,Periféricos,852,3,2023-08-28
636,40,Leonardo Lima,Recife,PE,Headset Gamer,Periféricos,511,2,2023-01-08
637,75,Daniela da Cunha,Rio de Janeiro,RJ,Asus VivoBook,Notebooks,5067,2,2023-09-18
638,138,Kevin Cunha,Curitiba,PR,MacBook Air,Notebooks,4885,3,2023-12-23
639,268,André Correia,Recife,PE,Xiaomi Redmi Note 10,Celulares,5865,1,2023-04-15
640,86,Elisa Cunha,Fortaleza,CE,Xiaomi Redmi Note 10,Celulares,4551,2,2023-04-04
641,98,Ana Sales,Recife,PE,MacBook Air,Notebooks,7350,2,2023-10-18
642,185,Dr. Thomas Aragão,Porto Alegre,RS,Samsung Galaxy S21,Celulares,2672,3,2023-09-13
643,296,Lucas Gabriel Costela,Brasília,DF,Dell Inspiron,Notebooks,5386,1,2023-07-26
644,119,Maria Sophia Silva,Manaus,AM,Headset Gamer,Periféricos,174,3,2023-04-19
645,7,Clara Ramos,Rio de Janeiro,RJ,Dell Inspiron,Notebooks,3947,2,2023-04-23
646,81,Heitor Ramos,Recife,PE,Asus VivoBook,Notebooks,5476,1,2023-06-10
647,240,Carlos Eduardo Ribeiro,Recife,PE,Power Bank,Acessórios,98,2,2023-05-02
648,100,Sabrina da Rosa,São Paulo,SP,Lenovo ThinkPad,Notebooks,7588,3,2023-08-09
649,213,Heloísa da Cunha,São Paulo,SP,Monitor Full HD,Periféricos,468,1,2023-04-21
650,133,Dr. Benjamin da Conceição,Brasília,DF,Motorola Edge,Celulares,3144,2,2023-12-30
651,197,Rodrigo Pinto,Manaus,AM,Samsung Galaxy S21,Celulares,2806,3,2023-10-26
652,137,Theo Aragão,Manaus,AM,Lenovo ThinkPad,Notebooks,5785,3,2023-04-20
653,80,Maria Vitória Campos,Salvador,BA,Mouse Gamer,Periféricos,1153,1,2023-06-28
654,275,Erick Moura,Manaus,AM,Monitor Full HD,Periféricos,360,3,2023-09-09
655,174,Dra. Emanuella Costela,Fortaleza,CE,MacBook Air,Notebooks,5156,3,2023-01-16
656,153,Dr. Davi Lucca Lima,Recife,PE,Dell Inspiron,Notebooks,8167,3,2023-04-01
657,158,Sr. Isaac da Cruz,Brasília,DF,Samsung Galaxy S21,Celulares,5112,1,2023-04-27
658,101,Otávio Nascimento,Rio de Janeiro,RJ,Cabo USB-C,Acessórios,90,1,2023-04-30
659,22,Larissa Campos,Rio de Janeiro,RJ,Xiaomi Redmi Note 10,Celulares,5850,3,2023-04-17
660,39,Pedro Henrique Silva,Belo Horizonte,MG,Motorola Edge,Celulares,3551,2,2023-11-20
661,182,Letícia Oliveira,Brasília,DF,Dell Inspiron,Notebooks,6565,1,2023-05-30
662,43,Lívia Pereira,Curitiba,PR,Dell Inspiron,Notebooks,3797,3,2023-05-23
663,7,Letícia Freitas,Brasília,DF,MacBook Air,Notebooks,7066,3,2023-02-07
664,142,Joaquim Vieira,Curitiba,PR,Lenovo ThinkPad,Notebooks,4868,2,2023-02-15
665,125,Yasmin Costela,Rio de Janeiro,RJ,Dell Inspiron,Notebooks,6882,1,2023-04-30
666,7,Luna Ribeiro,Porto Alegre,RS,Xiaomi Redmi Note 10,Celulares,2174,2,2023-09-17
667,260,Srta. Natália Rodrigues,Porto Alegre,RS,Motorola Edge,Celulares,5044,2,2023-01-22
668,147,Rodrigo Cavalcanti,Curitiba,PR,Headset Gamer,Periféricos,645,3,2023-07-26
669,48,Arthur Fogaça,Porto Alegre,RS,Xiaomi Redmi Note 10,Celulares,1849,3,2023-03-12
670,220,Dra. Laura Novaes,Porto Alegre,RS,Carregador Turbo,Acessórios,391,3,2023-09-27
671,110,Davi Lucas Costela,Manaus,AM,MacBook Air,Notebooks,8295,3,2023-05-24
672,204,Pedro Henrique Silva,Curitiba,PR,Headset Gamer,Periféricos,432,3,2023-09-12
673,226,Sophie Rocha,Curitiba,PR,Headset Gamer,Periféricos,554,2,2023-03-29
674,288,Sr. Enzo da Conceição,Recife,PE,Monitor Full HD,Periféricos,124,2,2023-01-28
675,174,Isadora Nascimento,Salvador,BA,Asus VivoBook,Notebooks,8308,2,2023-06-08
676,88,Lucas Monteiro,Salvador,BA,Asus VivoBook,Notebooks,3450,1,2023-03-08
677,202,Alexandre Rezende,Rio de Janeiro,RJ,Monitor Full HD,Periféricos,833,2,2023-05-29
678,283,Alexandre Farias,Curitiba,PR,Power Bank,Acessórios,492,3,2023-12-09
679,1,Lorenzo Novaes,Curitiba,PR,Cabo USB-C,Acessórios,50,2,2023-07-27
680,282,Clara Carvalho,Manaus,AM,Power Bank,Acessórios,217,1,2023-05-15
681,80,Caio da Cunha,Belo Horizonte,MG,Fone Bluetooth,Acessórios,139,1,2023-01-01
682,115,Breno Araújo,Salvador,BA,Samsung Galaxy S21,Celulares,3888,1,2023-11-12
683,98,Sr. Theo Sales,Curitiba,PR,Power Bank,Acessórios,87,1,2023-10-16
684,196,Sr. Luiz Otávio da Paz,São Paulo,SP,iPhone 13,Celulares,1708,3,2023-05-30
685,8,Sra. Giovanna da Conceição,Salvador,BA,Mouse Gamer,Periféricos,702,1,2023-02-08
686,72,Juliana Peixoto,Porto Alegre,RS,Mouse Gamer,Periféricos,450,3,2023-09-14
687,51,Thomas Peixoto,Manaus,AM,Power Bank,Acessórios,206,1,2023-08-13
688,17,Maria Fernanda Souza,Curitiba,PR,Lenovo ThinkPad,Notebooks,6883,1,2023-03-08
689,41,Dr. Kevin da Rosa,Manaus,AM,Teclado Mecânico,Periféricos,204,2,2023-12-25
690,89,Dra. Isadora Porto,Manaus,AM,Headset Gamer,Periféricos,849,1,2023-06-12
691,63,Maria Sophia da Paz,Brasília,DF,Lenovo ThinkPad,Notebooks,6569,2,2023-01-25
692,214,Daniel da Costa,Salvador,BA,Teclado Mecânico,Periféricos,1130,3,2023-03-28
693,116,Guilherme Silva,Salvador,BA,Monitor Full HD,Periféricos,396,2,2023-02-07
694,151,Felipe Nascimento,Fortaleza,CE,MacBook Air,Notebooks,5588,2,2023-06-30
695,9,Augusto Rodrigues,Salvador,BA,Asus VivoBook,Notebooks,4853,3,2023-05-14
696,202,Davi Lucas Mendes,Manaus,AM,Xiaomi Redmi Note 10,Celulares,5442,3,2023-10-16
697,16,Samuel da Cunha,Porto Alegre,RS,Monitor Full HD,Periféricos,453,3,2023-09-19
698,152,Vitor Hugo da Costa,Salvador,BA,Carregador Turbo,Acessórios,174,3,2023-01-21
699,217,Stella Aragão,Brasília,DF,Monitor Full HD,Periféricos,239,3,2023-12-22
700,73,Clara Lopes,Belo Horizonte,MG,Headset Gamer,Periféricos,242,3,2023-07-12
701,9,Thomas Barbosa,Recife,PE,Teclado Mecânico,Periféricos,1141,2,2023-06-17
702,52,Sr. João Lucas Moura,Recife,PE,Teclado Mecânico,Periféricos,913,3,2023-03-10
703,170,Rafaela Cardoso,Manaus,AM,Dell Inspiron,Notebooks,7429,2,2023-01-23
704,200,Samuel da Cunha,Brasília,DF,Motorola Edge,Celulares,5560,2,2023-04-12
705,195,Emanuel Sales,Curitiba,PR,Headset Gamer,Periféricos,1002,3,2023-10-13
706,186,Thales Cavalcanti,São Paulo,SP,Cabo USB-C,Acessórios,176,3,2023-10-19
707,19,João Lucas Ribeiro,Salvador,BA,Motorola Edge,Celulares,2213,1,2023-05-03
708,56,Sr. Marcos Vinicius da Rosa,Brasília,DF,Lenovo ThinkPad,Notebooks,8918,3,2023-01-16
709,276,Alana Dias,Manaus,AM,Power Bank,Acessórios,279,3,2023-07-08
710,15,Clarice da Mota,Brasília,DF,Dell Inspiron,Notebooks,3378,1,2023-06-03
711,84,Pedro Henrique Cavalcanti,Manaus,AM,Carregador Turbo,Acessórios,462,3,2023-04-25
712,162,Augusto da Luz,Brasília,DF,Power Bank,Acessórios,405,2,2023-03-04
713,150,Amanda Cardoso,Fortaleza,CE,Xiaomi Redmi Note 10,Celulares,4197,1,2023-05-01
714,118,Theo Porto,Recife,PE,Dell Inspiron,Notebooks,2694,3,2023-06-08
715,58,Sabrina Santos,Brasília,DF,Xiaomi Redmi Note 10,Celulares,4232,3,2023-07-15
716,230,Maria Vitória Duarte,Manaus,AM,Fone Bluetooth,Acessórios,105,1,2023-10-02
717,181,Yasmin Jesus,Manaus,AM,Monitor Full HD,Periféricos,1176,3,2023-12-26
718,290,Bernardo da Cruz,Rio de Janeiro,RJ,Dell Inspiron,Notebooks,8601,3,2023-09-18
719,46,Daniela da Rocha,Rio de Janeiro,RJ,Monitor Full HD,Periféricos,665,1,2023-01-29
720,95,Carlos Eduardo das Neves,São Paulo,SP,Mouse Gamer,Periféricos,965,3,2023-07-22
721,143,Nathan Oliveira,Rio de Janeiro,RJ,Fone Bluetooth,Acessórios,235,2,2023-02-07
722,117,Sr. Joaquim Lopes,São Paulo,SP,Samsung Galaxy S21,Celulares,4320,3,2023-12-05
723,89,Sabrina Gonçalves,Belo Horizonte,MG,Power Bank,Acessórios,454,3,2023-03-06
724,254,Yuri Silva,Curitiba,PR,Cabo USB-C,Acessórios,337,2,2023-02-24
725,283,Davi Lucca Cavalcanti,Rio de Janeiro,RJ,Samsung Galaxy S21,Celulares,5526,2,2023-01-18
726,217,Renan Melo,Belo Horizonte,MG,iPhone 13,Celulares,3256,2,2023-08-18
727,58,Matheus Martins,Salvador,BA,Carregador Turbo,Acessórios,411,3,2023-01-23
728,133,Brenda Araújo,Curitiba,PR,Power Bank,Acessórios,446,3,2023-11-26
729,258,Sra. Alice Martins,Recife,PE,Xiaomi Redmi Note 10,Celulares,3407,1,2023-09-27
730,211,Francisco Silva,Brasília,DF,Monitor Full HD,Periféricos,461,3,2023-10-28
731,138,Bruno Costela,Salvador,BA,MacBook Air,Notebooks,3341,3,2023-08-24
732,103,Dr. João Vitor da Luz,Salvador,BA,Lenovo ThinkPad,Notebooks,7502,3,2023-04-06
733,31,Melissa Costa,Porto Alegre,RS,Fone Bluetooth,Acessórios,317,2,2023-08-27
734,110,Erick da Mata,Fortaleza,CE,Power Bank,Acessórios,151,1,2023-09-23
735,63,Sr. Ryan Santos,Fortaleza,CE,Samsung Galaxy S21,Celulares,5148,1,2023-01-28
736,52,Eloah Alves,Belo Horizonte,MG,Mouse Gamer,Periféricos,122,3,2023-01-25
737,284,Isabel Costela,Rio de Janeiro,RJ,Asus VivoBook,Notebooks,8540,1,2023-02-19
738,40,Eduardo Gonçalves,Fortaleza,CE,Dell Inspiron,Notebooks,5943,1,2023-12-03
739,212,Dr. Augusto Lima,Curitiba,PR,Monitor Full HD,Periféricos,166,2,2023-07-19
740,24,Ana Júlia Lima,Curitiba,PR,Headset Gamer,Periféricos,342,2,2023-12-25
741,33,Daniela Lopes,Fortaleza,CE,Lenovo ThinkPad,Notebooks,5441,3,2023-02-05
742,84,Paulo Lopes,Curitiba,PR,Lenovo ThinkPad,Notebooks,7749,2,2023-04-02
743,76,Isabelly Fogaça,Porto Alegre,RS,Carregador Turbo,Acessórios,267,2,2023-06-09
744,35,Alexandre Teixeira,Belo Horizonte,MG,Samsung Galaxy S21,Celulares,5726,3,2023-06-25
745,42,Maria Eduarda Nogueira,São Paulo,SP,Lenovo ThinkPad,Notebooks,7887,1,2023-09-19
746,132,Fernanda Rocha,Rio de Janeiro,RJ,Power Bank,Acessórios,173,1,2023-02-24
747,286,Danilo Sales,Manaus,AM,Cabo USB-C,Acessórios,320,1,2023-05-06
748,214,Davi Melo,Belo Horizonte,MG,Carregador Turbo,Acessórios,355,2,2023-03-20
749,61,Yago Vieira,Rio de Janeiro,RJ,Dell Inspiron,Notebooks,4536,1,2023-11-29
750,56,Bruna Cardoso,Brasília,DF,Teclado Mecânico,Periféricos,652,2,2023-11-28
751,126,Yasmin Ribeiro,Rio de Janeiro,RJ,Monitor Full HD,Periféricos,799,1,2023-11-01
752,67,Dr. Raul das Neves,Salvador,BA,Motorola Edge,Celulares,5543,3,2023-10-01
753,21,Sophia Rodrigues,Fortaleza,CE,Dell Inspiron,Notebooks,5328,2,2023-03-18
754,184,João Gabriel Alves,Brasília,DF,Dell Inspiron,Notebooks,3255,3,2023-10-25
755,257,Enzo Nogueira,Curitiba,PR,Teclado Mecânico,Periféricos,1042,1,2023-03-01
756,202,Alícia Lima,Porto Alegre,RS,Asus VivoBook,Notebooks,5922,2,2023-10-14
757,97,Luana Rodrigues,Brasília,DF,Carregador Turbo,Acessórios,334,3,2023-04-20
758,288,Enzo Gabriel Martins,Salvador,BA,Xiaomi Redmi Note 10,Celulares,1323,1,2023-08-11
759,58,Rafaela Jesus,Salvador,BA,Xiaomi Redmi Note 10,Celulares,2162,1,2023-03-27
760,67,João Guilherme Cardoso,Salvador,BA,Headset Gamer,Periféricos,603,2,2023-12-19
761,33,Isaac Mendes,Belo Horizonte,MG,Dell Inspiron,Notebooks,7108,1,2023-09-04
762,105,Sophia Nogueira,Belo Horizonte,MG,Mouse Gamer,Periféricos,390,2,2023-11-27
763,7,Cauê Duarte,Porto Alegre,RS,MacBook Air,Notebooks,7301,3,2023-03-23
764,182,Maria Clara Martins,Manaus,AM,iPhone 13,Celulares,4701,1,2023-01-24
765,218,Vicente Duarte,São Paulo,SP,Xiaomi Redmi Note 10,Celulares,5884,1,2023-06-23
766,261,Thomas Cavalcanti,Curitiba,PR,Headset Gamer,Periféricos,318,2,2023-05-14
767,21,Srta. Marina Martins,Curitiba,PR,Fone Bluetooth,Acessórios,441,1,2023-06-14
768,47,Helena Moraes,Brasília,DF,Headset Gamer,Periféricos,101,1,2023-07-02
769,280,Helena Monteiro,Belo Horizonte,MG,Dell Inspiron,Notebooks,5108,2,2023-03-31
770,252,Maria Sophia Cardoso,São Paulo,SP,Teclado Mecânico,Periféricos,379,1,2023-02-19
771,136,Luiz Gustavo Campos,Rio de Janeiro,RJ,iPhone 13,Celulares,1492,3,2023-07-31
772,240,Isabella Silveira,Rio de Janeiro,RJ,Motorola Edge,Celulares,4908,3,2023-07-20
773,81,Anthony da Costa,Porto Alegre,RS,Samsung Galaxy S21,Celulares,5880,1,2023-05-06
774,142,Rebeca Caldeira,São Paulo,SP,Motorola Edge,Celulares,2392,1,2023-04-17
775,206,Breno da Mota,Recife,PE,Power Bank,Acessórios,73,1,2023-08-13
776,286,Marcela da Rocha,Rio de Janeiro,RJ,Motorola Edge,Celulares,4530,2,2023-06-19
777,233,Carlos Eduardo Barros,Porto Alegre,RS,Carregador Turbo,Acessórios,200,1,2023-07-27
778,182,Dra. Ana Júlia Oliveira,Belo Horizonte,MG,Carregador Turbo,Acessórios,484,1,2023-03-10
779,84,Dra. Evelyn Sales,Curitiba,PR,Dell Inspiron,Notebooks,2936,3,2023-06-29
780,16,Erick Cardoso,Belo Horizonte,MG,Cabo USB-C,Acessórios,251,3,2023-10-04
781,130,Vicente Azevedo,Salvador,BA,Lenovo ThinkPad,Notebooks,3372,3,2023-12-21
782,207,Evelyn Mendes,Rio de Janeiro,RJ,Asus VivoBook,Notebooks,2650,3,2023-07-20
783,25,Bárbara Fernandes,Manaus,AM,Samsung Galaxy S21,Celulares,3728,3,2023-10-18
784,258,Esther da Cunha,Fortaleza,CE,Mouse Gamer,Periféricos,364,2,2023-11-02
785,260,Helena Castro,São Paulo,SP,Lenovo ThinkPad,Notebooks,6858,3,2023-02-24
786,266,João Gabriel Campos,Recife,PE,iPhone 13,Celulares,2456,2,2023-07-12
787,1,Calebe das Neves,Belo Horizonte,MG,Teclado Mecânico,Periféricos,304,3,2023-02-15
788,74,Milena Correia,Salvador,BA,Lenovo ThinkPad,Notebooks,5346,1,2023-09-14
789,170,Arthur Farias,Curitiba,PR,Fone Bluetooth,Acessórios,307,1,2023-02-27
790,284,Marcelo Silva,Fortaleza,CE,Monitor Full HD,Periféricos,981,1,2023-07-30
791,288,Thiago da Rocha,Porto Alegre,RS,Samsung Galaxy S21,Celulares,1832,3,2023-01-01
792,100,Dr. Kevin Caldeira,Belo Horizonte,MG,iPhone 13,Celulares,1213,3,2023-06-20
793,49,Ana Clara Jesus,Fortaleza,CE,Lenovo ThinkPad,Notebooks,3714,1,2023-01-25
794,251,Emanuelly Souza,Salvador,BA,Teclado Mecânico,Periféricos,691,1,2023-12-20
795,52,João Lucas Pinto,São Paulo,SP,Lenovo ThinkPad,Notebooks,4123,3,2023-03-06
796,203,Agatha Ribeiro,Belo Horizonte,MG,Mouse Gamer,Periféricos,360,3,2023-11-08
797,129,Esther Barros,Rio de Janeiro,RJ,Headset Gamer,Periféricos,752,3,2023-11-05
798,44,Paulo Silva,Curitiba,PR,Mouse Gamer,Periféricos,150,1,2023-06-07
799,58,Dr. Gabriel Moreira,Curitiba,PR,MacBook Air,Notebooks,2917,3,2023-07-26
800,67,Maria Cecília Lopes,Belo Horizonte,MG,Power Bank,Acessórios,98,1,2023-03-28
801,205,Nathan Moura,Curitiba,PR,MacBook Air,Notebooks,5470,3,2023-12-12
802,260,Davi Luiz da Paz,Fortaleza,CE,Dell Inspiron,Notebooks,6723,2,2023-09-11
803,76,Sophia Almeida,São Paulo,SP,Monitor Full HD,Periféricos,234,1,2023-01-05
804,91,Benício Moura,Brasília,DF,Power Bank,Acessórios,498,2,2023-08-05
805,175,Vitor Carvalho,Recife,PE,Motorola Edge,Celulares,3675,2,2023-03-16
806,269,Isabelly Aragão,Belo Horizonte,MG,Mouse Gamer,Periféricos,265,1,2023-01-29
807,100,Dra. Melissa Santos,Fortaleza,CE,Samsung Galaxy S21,Celulares,1247,3,2023-06-16
808,241,Luiz Miguel da Mota,Recife,PE,iPhone 13,Celulares,4685,2,2023-02-03
809,37,Arthur Freitas,Fortaleza,CE,Mouse Gamer,Periféricos,244,3,2023-08-16
810,78,Agatha Porto,Porto Alegre,RS,Power Bank,Acessórios,188,2,2023-11-12
811,162,João Porto,Curitiba,PR,Asus VivoBook,Notebooks,7606,2,2023-07-23
812,41,Sophia da Paz,Curitiba,PR,Samsung Galaxy S21,Celulares,3670,1,2023-02-06
813,166,Sr. Cauê Cavalcanti,Manaus,AM,Mouse Gamer,Periféricos,822,2,2023-11-08
814,36,Maria da Cruz,São Paulo,SP,Asus VivoBook,Notebooks,7668,2,2023-08-27
815,100,Theo Santos,Rio de Janeiro,RJ,Power Bank,Acessórios,442,3,2023-10-26
816,71,Dr. Igor Silveira,Porto Alegre,RS,Motorola Edge,Celulares,4855,2,2023-10-28
817,273,Gabriela da Luz,Salvador,BA,Mouse Gamer,Periféricos,860,2,2023-11-21
818,260,Antônio Rocha,Porto Alegre,RS,Cabo USB-C,Acessórios,404,2,2023-03-16
819,16,Dra. Ana Laura Correia,Brasília,DF,Motorola Edge,Celulares,4957,2,2023-08-17
820,268,Otávio Duarte,Manaus,AM,Monitor Full HD,Periféricos,937,2,2023-05-03
821,76,Laura Duarte,Fortaleza,CE,Monitor Full HD,Periféricos,1077,1,2023-07-08
822,284,Gabrielly Azevedo,Fortaleza,CE,Mouse Gamer,Periféricos,358,3,2023-07-16
823,132,Juan Teixeira,Porto Alegre,RS,MacBook Air,Notebooks,6977,2,2023-03-27
824,231,Dra. Bárbara Gomes,Rio de Janeiro,RJ,Power Bank,Acessórios,116,1,2023-09-14
825,125,Matheus Melo,Recife,PE,Monitor Full HD,Periféricos,377,1,2023-07-29
826,230,Isabelly Martins,Recife,PE,Power Bank,Acessórios,277,1,2023-02-26
827,158,Kaique Silveira,São Paulo,SP,Headset Gamer,Periféricos,788,2,2023-02-19
828,255,Luiz Miguel Pinto,Fortaleza,CE,Monitor Full HD,Periféricos,508,3,2023-03-23
829,294,João Guilherme da Costa,Belo Horizonte,MG,Motorola Edge,Celulares,1820,2,2023-11-20
830,239,Esther Nogueira,São Paulo,SP,Teclado Mecânico,Periféricos,371,3,2023-07-11
831,99,Dr. Leonardo Mendes,Recife,PE,Xiaomi Redmi Note 10,Celulares,1381,1,2023-11-28
832,128,Bianca Pinto,Belo Horizonte,MG,Fone Bluetooth,Acessórios,421,2,2023-08-25
833,147,Srta. Alexia da Rocha,Curitiba,PR,Cabo USB-C,Acessórios,306,1,2023-12-12
834,134,Nathan Nunes,São Paulo,SP,Carregador Turbo,Acessórios,448,3,2023-01-13
835,107,Manuela da Costa,Recife,PE,Monitor Full HD,Periféricos,778,3,2023-02-24
836,31,João Vitor Alves,São Paulo,SP,Carregador Turbo,Acessórios,256,3,2023-06-14
837,158,Ana Beatriz da Cruz,Porto Alegre,RS,Monitor Full HD,Periféricos,109,2,2023-05-28
838,46,Enrico Pereira,São Paulo,SP,Carregador Turbo,Acessórios,98,3,2023-10-28
839,285,Maria Luiza Araújo,Rio de Janeiro,RJ,Dell Inspiron,Notebooks,5022,2,2023-12-03
840,81,Srta. Maria Vitória da Mota,Fortaleza,CE,Mouse Gamer,Periféricos,619,3,2023-03-02
841,151,Gabriel Teixeira,Belo Horizonte,MG,Samsung Galaxy S21,Celulares,2694,3,2023-06-21
842,296,Maysa da Rocha,Fortaleza,CE,Cabo USB-C,Acessórios,408,1,2023-06-30
843,247,Yasmin Souza,São Paulo,SP,Monitor Full HD,Periféricos,541,3,2023-10-12
844,290,Theo Silveira,Salvador,BA,Monitor Full HD,Periféricos,1130,3,2023-06-21
845,74,Isadora Fogaça,Fortaleza,CE,Fone Bluetooth,Acessórios,239,2,2023-01-06
846,212,Srta. Esther Pinto,Recife,PE,MacBook Air,Notebooks,6411,3,2023-03-03
847,163,Samuel Viana,Curitiba,PR,iPhone 13,Celulares,2646,2,2023-04-28
848,195,Dr. Benício da Conceição,Porto Alegre,RS,MacBook Air,Notebooks,3611,3,2023-12-04
849,268,Pietro Viana,Curitiba,PR,MacBook Air,Notebooks,5549,1,2023-01-12
850,209,Vitor Hugo da Luz,Rio de Janeiro,RJ,Asus VivoBook,Notebooks,3742,2,2023-03-25
851,215,Sabrina Dias,Curitiba,PR,Power Bank,Acessórios,437,1,2023-09-05
852,244,Ana Júlia Souza,Belo Horizonte,MG,Teclado Mecânico,Periféricos,485,3,2023-10-22
853,46,Maria Eduarda da Mota,Curitiba,PR,Motorola Edge,Celulares,4047,1,2023-03-19
854,273,Dr. Ryan Nogueira,Fortaleza,CE,Motorola Edge,Celulares,4506,3,2023-08-13
855,87,Juliana Castro,Curitiba,PR,Headset Gamer,Periféricos,980,3,2023-08-01
856,68,Diego Sales,Recife,PE,Samsung Galaxy S21,Celulares,2671,3,2023-01-15
857,249,Lucca Gonçalves,Curitiba,PR,Monitor Full HD,Periféricos,270,2,2023-09-16
858,136,Levi Ferreira,Rio de Janeiro,RJ,MacBook Air,Notebooks,3638,1,2023-06-09
859,15,Joana Pinto,Fortaleza,CE,Power Bank,Acessórios,375,2,2023-06-21
860,183,Maria Aragão,Recife,PE,Teclado Mecânico,Periféricos,1117,2,2023-12-20
861,88,Caio Farias,Recife,PE,MacBook Air,Notebooks,7889,1,2023-10-04
862,96,Srta. Ana Sophia Ramos,Salvador,BA,Xiaomi Redmi Note 10,Celulares,2596,3,2023-08-04
863,143,Maria Cecília Cardoso,Brasília,DF,iPhone 13,Celulares,1907,2,2023-08-24
864,178,Juan Jesus,São Paulo,SP,Motorola Edge,Celulares,4783,3,2023-04-12
865,69,Sr. João Miguel Cardoso,Belo Horizonte,MG,Asus VivoBook,Notebooks,4061,1,2023-03-16
866,85,Pedro Lucas Barros,Salvador,BA,Headset Gamer,Periféricos,1159,2,2023-03-19
867,11,Catarina Pereira,Salvador,BA,Lenovo ThinkPad,Notebooks,4946,2,2023-12-02
868,43,Eloah Nogueira,Recife,PE,Asus VivoBook,Notebooks,6015,2,2023-07-13
869,65,Maria Sophia da Mota,Rio de Janeiro,RJ,Monitor Full HD,Periféricos,1178,3,2023-12-11
870,179,Natália Carvalho,São Paulo,SP,Mouse Gamer,Periféricos,938,2,2023-12-06
871,148,Dra. Maria Freitas,São Paulo,SP,Xiaomi Redmi Note 10,Celulares,5188,2,2023-05-06
872,266,Rebeca Moraes,São Paulo,SP,Carregador Turbo,Acessórios,265,2,2023-12-15
873,246,Dr. Erick Nascimento,Salvador,BA,Mouse Gamer,Periféricos,255,2,2023-02-18
874,81,João Pedro da Cruz,Manaus,AM,Asus VivoBook,Notebooks,6201,2,2023-11-27
875,118,Joana Dias,Fortaleza,CE,Asus VivoBook,Notebooks,2662,2,2023-11-04
876,4,Sr. Vicente Teixeira,Belo Horizonte,MG,Headset Gamer,Periféricos,1125,1,2023-08-02
877,43,Arthur Freitas,Manaus,AM,Lenovo ThinkPad,Notebooks,3391,2,2023-03-27
878,20,Kamilly Ribeiro,Recife,PE,Monitor Full HD,Periféricos,926,2,2023-06-10
879,48,Maria Fernanda Novaes,Belo Horizonte,MG,Monitor Full HD,Periféricos,447,1,2023-12-16
880,276,Emanuel Ferreira,São Paulo,SP,iPhone 13,Celulares,2375,3,2023-02-07
881,50,Ana Laura Viana,Fortaleza,CE,Lenovo ThinkPad,Notebooks,2631,3,2023-01-07
882,200,Eduardo Melo,Belo Horizonte,MG,Power Bank,Acessórios,476,2,2023-07-26
883,185,Stephany Teixeira,Rio de Janeiro,RJ,Headset Gamer,Periféricos,419,1,2023-11-28
884,55,Anthony Silveira,Curitiba,PR,Dell Inspiron,Notebooks,5888,2,2023-05-08
885,171,Lorena Novaes,São Paulo,SP,Samsung Galaxy S21,Celulares,1323,1,2023-02-13
886,238,Ana Vitória Ferreira,Belo Horizonte,MG,Monitor Full HD,Periféricos,125,3,2023-04-27
887,77,Pedro Miguel da Rocha,Recife,PE,Motorola Edge,Celulares,2386,3,2023-12-30
888,5,Dra. Brenda Duarte,Salvador,BA,Dell Inspiron,Notebooks,3709,3,2023-07-08
889,179,Alexia Sales,Rio de Janeiro,RJ,Dell Inspiron,Notebooks,2693,2,2023-09-23
890,255,Julia Castro,Brasília,DF,Fone Bluetooth,Acessórios,400,3,2023-04-19
891,48,Matheus Jesus,Curitiba,PR,Lenovo ThinkPad,Notebooks,2677,1,2023-06-05
892,163,Calebe Melo,Curitiba,PR,Carregador Turbo,Acessórios,166,1,2023-07-02
893,238,Milena Moreira,São Paulo,SP,Motorola Edge,Celulares,4679,2,2023-12-19
894,248,Maria Luiza Aragão,São Paulo,SP,iPhone 13,Celulares,5545,2,2023-03-31
895,193,Srta. Emilly Cardoso,Brasília,DF,Mouse Gamer,Periféricos,346,3,2023-12-13
896,292,Isabella Caldeira,Manaus,AM,Mouse Gamer,Periféricos,604,3,2023-05-07
897,79,Daniela Moreira,Belo Horizonte,MG,Motorola Edge,Celulares,2491,2,2023-09-28
898,247,Luiz Miguel da Paz,Curitiba,PR,Lenovo ThinkPad,Notebooks,6482,3,2023-09-12
899,160,Bianca Barbosa,Salvador,BA,Power Bank,Acessórios,286,1,2023-10-09
900,284,Cauã da Mota,Recife,PE,MacBook Air,Notebooks,8351,3,2023-07-05
901,102,Maysa Costela,Fortaleza,CE,Xiaomi Redmi Note 10,Celulares,5474,2,2023-10-23
902,164,Pietro da Paz,Belo Horizonte,MG,Power Bank,Acessórios,341,1,2023-10-26
903,188,Pietro Porto,Porto Alegre,RS,Xiaomi Redmi Note 10,Celulares,1308,3,2023-11-12
904,223,Melissa Teixeira,Porto Alegre,RS,Motorola Edge,Celulares,2998,3,2023-01-24
905,100,Maria Campos,Rio de Janeiro,RJ,Dell Inspiron,Notebooks,3265,2,2023-12-19
906,93,Davi Luiz Moura,Rio de Janeiro,RJ,Teclado Mecânico,Periféricos,390,1,2023-05-14
907,74,Bruna da Rocha,Salvador,BA,Headset Gamer,Periféricos,930,3,2023-08-11
908,108,Manuela Almeida,Fortaleza,CE,Dell Inspiron,Notebooks,6864,3,2023-01-18
909,262,João Gabriel Cardoso,Curitiba,PR,Mouse Gamer,Periféricos,401,1,2023-11-13
910,146,Sra. Maria Clara Caldeira,Curitiba,PR,Power Bank,Acessórios,93,3,2023-10-16
911,79,Srta. Caroline Nascimento,Belo Horizonte,MG,Mouse Gamer,Periféricos,340,3,2023-06-18
912,59,Alícia Nascimento,Curitiba,PR,Asus VivoBook,Notebooks,4338,1,2023-07-24
913,221,Natália Monteiro,Recife,PE,Monitor Full HD,Periféricos,313,3,2023-06-13
914,253,Anthony da Costa,São Paulo,SP,Lenovo ThinkPad,Notebooks,3421,1,2023-12-22
915,5,Vitor Gabriel Farias,Curitiba,PR,Headset Gamer,Periféricos,956,1,2023-11-23
916,293,Ryan Barbosa,Porto Alegre,RS,Lenovo ThinkPad,Notebooks,3724,2,2023-12-20
917,15,Matheus Porto,Porto Alegre,RS,Motorola Edge,Celulares,4042,1,2023-01-11
918,298,Igor Campos,Curitiba,PR,Carregador Turbo,Acessórios,352,1,2023-07-27
919,183,Isaac Costela,Brasília,DF,iPhone 13,Celulares,3345,1,2023-08-04
920,292,Maysa Martins,São Paulo,SP,Samsung Galaxy S21,Celulares,3616,3,2023-04-02
921,70,Dra. Maria Nogueira,Manaus,AM,Motorola Edge,Celulares,4872,2,2023-11-14
922,288,Ana Julia Almeida,Manaus,AM,Monitor Full HD,Periféricos,697,3,2023-04-24
923,208,Luiz Fernando Lopes,Brasília,DF,Monitor Full HD,Periféricos,794,2,2023-07-06
924,175,Luiza da Cruz,Porto Alegre,RS,Lenovo ThinkPad,Notebooks,2625,1,2023-06-17
925,229,Davi Almeida,Curitiba,PR,Lenovo ThinkPad,Notebooks,3190,1,2023-11-27
926,245,Alícia Costela,São Paulo,SP,MacBook Air,Notebooks,7410,3,2023-07-10
927,244,Dr. Erick Freitas,Belo Horizonte,MG,Monitor Full HD,Periféricos,155,3,2023-07-03
928,183,Henrique Cardoso,Salvador,BA,Carregador Turbo,Acessórios,314,2,2023-03-31
929,40,Daniel Oliveira,Fortaleza,CE,Fone Bluetooth,Acessórios,251,2,2023-01-26
930,55,Luana da Mata,Salvador,BA,MacBook Air,Notebooks,5786,1,2023-09-13
931,259,Mariane Viana,Belo Horizonte,MG,Headset Gamer,Periféricos,1138,2,2023-03-24
932,300,Ana Julia Moraes,Belo Horizonte,MG,Carregador Turbo,Acessórios,369,2,2023-08-18
933,241,Ana Carolina Ramos,Recife,PE,Power Bank,Acessórios,487,1,2023-04-13
934,271,Luana Ribeiro,Manaus,AM,Mouse Gamer,Periféricos,197,1,2023-12-25
935,29,João Lucas Dias,Porto Alegre,RS,Asus VivoBook,Notebooks,3221,2,2023-12-18
936,251,Stella Cavalcanti,Salvador,BA,iPhone 13,Celulares,4560,3,2023-01-11
937,285,Dra. Mariane Caldeira,Fortaleza,CE,Samsung Galaxy S21,Celulares,5350,1,2023-09-27
938,175,Sra. Olivia Gomes,Rio de Janeiro,RJ,Carregador Turbo,Acessórios,423,3,2023-04-25
939,133,Luna Porto,São Paulo,SP,Mouse Gamer,Periféricos,473,1,2023-12-19
940,209,Sra. Lorena Campos,Manaus,AM,Lenovo ThinkPad,Notebooks,6811,3,2023-08-07
941,6,Diego Rocha,Fortaleza,CE,Carregador Turbo,Acessórios,102,2,2023-02-13
942,105,Raul Martins,Recife,PE,Motorola Edge,Celulares,2022,2,2023-08-31
943,164,Sophia da Paz,Brasília,DF,MacBook Air,Notebooks,3300,3,2023-12-25
944,101,Matheus Silveira,São Paulo,SP,Power Bank,Acessórios,406,2,2023-03-28
945,270,Melissa Almeida,Curitiba,PR,Mouse Gamer,Periféricos,800,3,2023-06-05
946,144,Bryan Alves,Salvador,BA,Lenovo ThinkPad,Notebooks,3013,2,2023-12-24
947,59,Maria Cecília Pires,Manaus,AM,Asus VivoBook,Notebooks,4798,2,2023-09-29
948,206,João Guilherme Nogueira,Brasília,DF,Headset Gamer,Periféricos,1065,3,2023-12-15
949,232,Daniel Silveira,Manaus,AM,Cabo USB-C,Acessórios,60,1,2023-01-14
950,216,Sr. Ian das Neves,Porto Alegre,RS,Fone Bluetooth,Acessórios,365,3,2023-04-25
951,102,Camila Jesus,Brasília,DF,Power Bank,Acessórios,470,3,2023-02-17
952,101,Renan Cunha,Belo Horizonte,MG,Carregador Turbo,Acessórios,79,1,2023-07-23
953,10,Breno Lopes,Salvador,BA,Carregador Turbo,Acessórios,132,1,2023-06-20
954,209,Isabelly Duarte,São Paulo,SP,Headset Gamer,Periféricos,955,1,2023-04-06
955,97,Isabella Costa,Salvador,BA,Asus VivoBook,Notebooks,8349,2,2023-03-15
956,196,Milena Pereira,Curitiba,PR,Power Bank,Acessórios,221,3,2023-02-04
957,195,Julia Campos,Curitiba,PR,Power Bank,Acessórios,179,1,2023-09-28
958,39,João Miguel Caldeira,Fortaleza,CE,Headset Gamer,Periféricos,1052,1,2023-08-04
959,284,Eloah da Paz,Brasília,DF,Carregador Turbo,Acessórios,332,2,2023-02-16
960,175,Maria Cecília Carvalho,Curitiba,PR,Xiaomi Redmi Note 10,Celulares,4019,1,2023-05-01
961,213,Juan Melo,Porto Alegre,RS,MacBook Air,Notebooks,5456,1,2023-05-06
962,85,Sra. Júlia Azevedo,Brasília,DF,Cabo USB-C,Acessórios,271,1,2023-02-05
963,207,Eloah Moraes,Salvador,BA,Power Bank,Acessórios,363,3,2023-06-30
964,157,Luana Aragão,Manaus,AM,MacBook Air,Notebooks,7226,3,2023-02-20
965,3,Sra. Sophie Oliveira,Rio de Janeiro,RJ,Samsung Galaxy S21,Celulares,4190,3,2023-01-01
966,3,Vitor Hugo Viana,Manaus,AM,Teclado Mecânico,Periféricos,309,2,2023-09-03
967,92,Caroline da Cruz,São Paulo,SP,Motorola Edge,Celulares,5209,2,2023-08-16
968,178,Gabriel Peixoto,Rio de Janeiro,RJ,Xiaomi Redmi Note 10,Celulares,5598,2,2023-05-09
969,82,Luiz Gustavo Silva,Brasília,DF,iPhone 13,Celulares,4550,2,2023-01-27
970,40,Pietro Cavalcanti,Belo Horizonte,MG,Carregador Turbo,Acessórios,151,1,2023-11-13
971,17,Sra. Alexia Cavalcanti,Curitiba,PR,Headset Gamer,Periféricos,1118,2,2023-12-16
972,31,Sra. Sarah Fogaça,Recife,PE,Power Bank,Acessórios,478,2,2023-10-26
973,22,Heitor Lima,Porto Alegre,RS,Asus VivoBook,Notebooks,7315,3,2023-04-10
974,123,Isadora da Cunha,Fortaleza,CE,Cabo USB-C,Acessórios,170,3,2023-11-01
975,67,Pedro Barros,Belo Horizonte,MG,Fone Bluetooth,Acessórios,371,2,2023-05-02
976,202,Sra. Luana Fogaça,Porto Alegre,RS,iPhone 13,Celulares,3418,2,2023-11-15
977,136,Ana Julia Porto,Brasília,DF,Cabo USB-C,Acessórios,198,3,2023-04-11
978,105,Alexandre Castro,São Paulo,SP,Asus VivoBook,Notebooks,8746,2,2023-08-02
979,33,Lucas Viana,Belo Horizonte,MG,Lenovo ThinkPad,Notebooks,8032,3,2023-10-08
980,232,Ana Sophia da Mata,Manaus,AM,Headset Gamer,Periféricos,871,3,2023-11-10
981,151,Anthony Correia,Fortaleza,CE,Power Bank,Acessórios,184,1,2023-06-23
982,57,Benício Fogaça,Rio de Janeiro,RJ,MacBook Air,Notebooks,3383,1,2023-11-10
983,141,Rafaela Cardoso,Salvador,BA,Lenovo ThinkPad,Notebooks,5093,1,2023-08-15
984,261,Laís Cavalcanti,Rio de Janeiro,RJ,Monitor Full HD,Periféricos,445,2,2023-11-14
985,258,Lorena Pires,Curitiba,PR,Mouse Gamer,Periféricos,644,2,2023-09-22
986,211,Maria Vitória Fogaça,Rio de Janeiro,RJ,MacBook Air,Notebooks,7828,2,2023-03-06
987,95,Júlia Rodrigues,Fortaleza,CE,Dell Inspiron,Notebooks,7946,1,2023-09-02
988,152,Marcelo Fernandes,Belo Horizonte,MG,Fone Bluetooth,Acessórios,228,1,2023-05-23
989,252,Leandro Ferreira,Salvador,BA,Dell Inspiron,Notebooks,3062,1,2023-07-04
990,98,Luna Aragão,São Paulo,SP,Dell Inspiron,Notebooks,4603,2,2023-10-30
991,59,Srta. Ana Julia Viana,Brasília,DF,Headset Gamer,Periféricos,502,2,2023-03-15
992,167,Dr. Noah Alves,Curitiba,PR,Xiaomi Redmi Note 10,Celulares,5441,1,2023-10-14
993,186,Renan da Cunha,Curitiba,PR,Xiaomi Redmi Note 10,Celulares,4748,1,2023-04-09
994,141,João Felipe da Costa,Porto Alegre,RS,Xiaomi Redmi Note 10,Celulares,3914,2,2023-06-27
995,283,Dra. Bruna da Mata,Recife,PE,Power Bank,Acessórios,191,3,2023-10-29
996,201,Lucas Gabriel Nogueira,Rio de Janeiro,RJ,Dell Inspiron,Notebooks,8850,2,2023-11-08
997,212,Gabrielly Lima,Fortaleza,CE,Monitor Full HD,Periféricos,771,2,2023-02-24
998,87,Evelyn Melo,São Paulo,SP,Lenovo ThinkPad,Notebooks,3682,2,2023-03-16
999,103,Sabrina Nunes,Manaus,AM,Lenovo ThinkPad,Notebooks,7626,3,2023-11-22
1000,67,Erick Barros,Rio de Janeiro,RJ,Headset Gamer,Periféricos,617,1,2023-05-15
